trip_id,date,city,station_start,rider_type,bike_type,duration_min,weather,temperature_c
1,2026-01-01,Coimbatore,COI-02,Member,Electric,14,Clear,22.7
2,2026-01-01,Coimbatore,COI-02,Member,Classic,9,Clear,22.7
3,2026-01-01,Coimbatore,COI-11,Member,Classic,21,Clear,22.7
4,2026-01-01,Chennai,CHE-03,Casual,Classic,33,Clear,26.5
5,2026-01-01,Chennai,CHE-06,Member,Classic,24,Clear,26.5
6,2026-01-01,Chennai,CHE-06,Member,Classic,27,Clear,26.5
7,2026-01-01,Chennai,CHE-09,Casual,Electric,37,Clear,26.5
8,2026-01-01,Chennai,CHE-02,Member,Electric,11,Clear,26.5
9,2026-01-01,Chennai,CHE-10,Member,Electric,11,Clear,26.5
10,2026-01-01,Bengaluru,BEN-02,Member,Classic,12,Cloudy,21.3
11,2026-01-01,Bengaluru,BEN-06,Casual,Electric,26,Cloudy,21.3
12,2026-01-01,Bengaluru,BEN-11,Member,Classic,21,Cloudy,21.3
13,2026-01-01,Bengaluru,BEN-03,Member,Electric,14,Cloudy,21.3
14,2026-01-01,Bengaluru,BEN-08,Member,Classic,13,Cloudy,21.3
15,2026-01-02,Coimbatore,COI-01,Member,Classic,15,Clear,26.7
16,2026-01-02,Coimbatore,COI-06,Member,Classic,25,Clear,26.7
17,2026-01-02,Coimbatore,COI-12,Member,Classic,23,Clear,26.7
18,2026-01-02,Coimbatore,COI-07,Member,Electric,15,Clear,26.7
19,2026-01-02,Coimbatore,COI-12,Casual,Electric,35,Clear,26.7
20,2026-01-02,Coimbatore,COI-10,Member,Classic,20,Clear,26.7
21,2026-01-02,Chennai,CHE-01,Member,Electric,10,Rain,25.5
22,2026-01-02,Chennai,CHE-03,Casual,Classic,19,Rain,25.5
23,2026-01-02,Chennai,CHE-08,Casual,Classic,24,Rain,25.5
24,2026-01-02,Chennai,CHE-01,Member,Electric,12,Rain,25.5
25,2026-01-02,Chennai,CHE-11,Member,Classic,14,Rain,25.5
26,2026-01-02,Chennai,CHE-03,Member,Classic,8,Rain,25.5
27,2026-01-02,Bengaluru,BEN-02,Casual,Electric,33,Clear,25.5
28,2026-01-02,Bengaluru,BEN-11,Casual,Classic,23,Clear,25.5
29,2026-01-02,Bengaluru,BEN-09,Member,Classic,16,Clear,25.5
30,2026-01-02,Bengaluru,BEN-08,Casual,Classic,35,Clear,25.5
31,2026-01-02,Bengaluru,BEN-05,Member,Electric,24,Clear,25.5
32,2026-01-02,Bengaluru,BEN-10,Member,Classic,12,Clear,25.5
33,2026-01-02,Bengaluru,BEN-09,Casual,Classic,29,Clear,25.5
34,2026-01-03,Coimbatore,COI-10,Casual,Classic,40,Clear,24.1
35,2026-01-03,Coimbatore,COI-04,Casual,Classic,24,Clear,24.1
36,2026-01-03,Coimbatore,COI-11,Casual,Classic,36,Clear,24.1
37,2026-01-03,Coimbatore,COI-04,Casual,Classic,35,Clear,24.1
38,2026-01-03,Coimbatore,COI-09,Member,Classic,22,Clear,24.1
39,2026-01-03,Coimbatore,COI-04,Member,Classic,30,Clear,24.1
40,2026-01-03,Coimbatore,COI-06,Member,Classic,26,Clear,24.1
41,2026-01-03,Chennai,CHE-10,Casual,Classic,37,Clear,24.9
42,2026-01-03,Chennai,CHE-07,Casual,Electric,20,Clear,24.9
43,2026-01-03,Chennai,CHE-08,Member,Classic,17,Clear,24.9
44,2026-01-03,Chennai,CHE-11,Casual,Classic,44,Clear,24.9
45,2026-01-03,Chennai,CHE-02,Casual,Classic,33,Clear,24.9
46,2026-01-03,Chennai,CHE-08,Member,Classic,25,Clear,24.9
47,2026-01-03,Bengaluru,BEN-09,Member,Electric,12,Clear,22.9
48,2026-01-03,Bengaluru,BEN-09,Member,Electric,26,Clear,22.9
49,2026-01-03,Bengaluru,BEN-03,Casual,Electric,57,Clear,22.9
50,2026-01-03,Bengaluru,BEN-07,Casual,Classic,31,Clear,22.9
51,2026-01-03,Bengaluru,BEN-08,Casual,Classic,50,Clear,22.9
52,2026-01-03,Bengaluru,BEN-12,Member,Electric,23,Clear,22.9
53,2026-01-03,Bengaluru,BEN-05,Casual,Classic,39,Clear,22.9
54,2026-01-03,Bengaluru,BEN-12,Member,Classic,19,Clear,22.9
55,2026-01-04,Coimbatore,COI-09,Casual,Classic,44,Cloudy,21.7
56,2026-01-04,Coimbatore,COI-10,Member,Classic,20,Cloudy,21.7
57,2026-01-04,Coimbatore,COI-10,Member,Electric,11,Cloudy,21.7
58,2026-01-04,Coimbatore,COI-10,Member,Classic,30,Cloudy,21.7
59,2026-01-04,Coimbatore,COI-05,Member,Electric,18,Cloudy,21.7
60,2026-01-04,Coimbatore,COI-04,Member,Electric,21,Cloudy,21.7
61,2026-01-04,Chennai,CHE-08,Member,Classic,23,Clear,27.4
62,2026-01-04,Chennai,CHE-02,Casual,Classic,36,Clear,27.4
63,2026-01-04,Chennai,CHE-02,Member,Classic,21,Clear,27.4
64,2026-01-04,Chennai,CHE-03,Casual,Classic,63,Clear,27.4
65,2026-01-04,Chennai,CHE-11,Casual,Classic,31,Clear,27.4
66,2026-01-04,Chennai,CHE-09,Casual,Electric,67,Clear,27.4
67,2026-01-04,Chennai,CHE-02,Member,Electric,25,Clear,27.4
68,2026-01-04,Chennai,CHE-03,Casual,Electric,38,Clear,27.4
69,2026-01-04,Bengaluru,BEN-05,Member,Electric,27,Clear,22.7
70,2026-01-04,Bengaluru,BEN-02,Casual,Electric,31,Clear,22.7
71,2026-01-04,Bengaluru,BEN-03,Casual,Electric,49,Clear,22.7
72,2026-01-04,Bengaluru,BEN-12,Casual,Classic,42,Clear,22.7
73,2026-01-04,Bengaluru,BEN-12,Casual,Electric,35,Clear,22.7
74,2026-01-04,Bengaluru,BEN-06,Casual,Classic,38,Clear,22.7
75,2026-01-04,Bengaluru,BEN-01,Casual,Classic,46,Clear,22.7
76,2026-01-04,Bengaluru,BEN-04,Casual,Classic,46,Clear,22.7
77,2026-01-04,Bengaluru,BEN-10,Casual,Classic,21,Clear,22.7
78,2026-01-05,Coimbatore,COI-03,Member,Electric,9,Rain,23.0
79,2026-01-05,Coimbatore,COI-07,Casual,Classic,19,Rain,23.0
80,2026-01-05,Coimbatore,COI-04,Casual,Electric,15,Rain,23.0
81,2026-01-05,Coimbatore,COI-08,Member,Electric,15,Rain,23.0
82,2026-01-05,Chennai,CHE-04,Member,Electric,24,Clear,29.0
83,2026-01-05,Chennai,CHE-02,Member,Electric,15,Clear,29.0
84,2026-01-05,Chennai,CHE-11,Casual,Classic,36,Clear,29.0
85,2026-01-05,Chennai,CHE-01,Member,Electric,20,Clear,29.0
86,2026-01-05,Bengaluru,BEN-01,Member,Electric,9,Rain,23.1
87,2026-01-05,Bengaluru,BEN-10,Member,Classic,10,Rain,23.1
88,2026-01-05,Bengaluru,BEN-10,Casual,Classic,15,Rain,23.1
89,2026-01-05,Bengaluru,BEN-09,Member,Classic,8,Rain,23.1
90,2026-01-06,Coimbatore,COI-06,Member,Classic,20,Clear,22.1
91,2026-01-06,Coimbatore,COI-11,Member,Classic,22,Clear,22.1
92,2026-01-06,Coimbatore,COI-05,Member,Classic,15,Clear,22.1
93,2026-01-06,Coimbatore,COI-12,Member,Classic,16,Clear,22.1
94,2026-01-06,Chennai,CHE-05,Member,Classic,14,Cloudy,25.5
95,2026-01-06,Chennai,CHE-08,Member,Electric,15,Cloudy,25.5
96,2026-01-06,Chennai,CHE-08,Member,Classic,16,Cloudy,25.5
97,2026-01-06,Chennai,CHE-05,Casual,Electric,31,Cloudy,25.5
98,2026-01-06,Bengaluru,BEN-04,Member,Classic,11,Clear,27.4
99,2026-01-06,Bengaluru,BEN-02,Member,Classic,24,Clear,27.4
100,2026-01-06,Bengaluru,BEN-10,Member,Electric,17,Clear,27.4
101,2026-01-06,Bengaluru,BEN-11,Member,Electric,15,Clear,27.4
102,2026-01-06,Bengaluru,BEN-02,Member,Electric,18,Clear,27.4
103,2026-01-06,Bengaluru,BEN-08,Casual,Classic,36,Clear,27.4
104,2026-01-07,Coimbatore,COI-08,Member,Classic,11,Cloudy,27.3
105,2026-01-07,Coimbatore,COI-08,Member,Electric,9,Cloudy,27.3
106,2026-01-07,Coimbatore,COI-09,Member,Electric,12,Cloudy,27.3
107,2026-01-07,Chennai,CHE-04,Casual,Electric,26,Cloudy,27.1
108,2026-01-07,Chennai,CHE-09,Casual,Classic,33,Cloudy,27.1
109,2026-01-07,Chennai,CHE-04,Member,Classic,11,Cloudy,27.1
110,2026-01-07,Chennai,CHE-09,Member,Classic,21,Cloudy,27.1
111,2026-01-07,Chennai,CHE-04,Member,Classic,16,Cloudy,27.1
112,2026-01-07,Chennai,CHE-09,Member,Classic,20,Cloudy,27.1
113,2026-01-07,Bengaluru,BEN-10,Member,Electric,12,Clear,23.0
114,2026-01-07,Bengaluru,BEN-06,Member,Classic,15,Clear,23.0
115,2026-01-07,Bengaluru,BEN-09,Member,Classic,25,Clear,23.0
116,2026-01-07,Bengaluru,BEN-10,Casual,Classic,22,Clear,23.0
117,2026-01-07,Bengaluru,BEN-07,Casual,Classic,31,Clear,23.0
118,2026-01-07,Bengaluru,BEN-07,Member,Electric,23,Clear,23.0
119,2026-01-07,Bengaluru,BEN-09,Casual,Electric,52,Clear,23.0
120,2026-01-08,Coimbatore,COI-07,Member,Classic,7,Rain,25.5
121,2026-01-08,Coimbatore,COI-04,Member,Classic,13,Rain,25.5
122,2026-01-08,Coimbatore,COI-07,Member,Classic,12,Rain,25.5
123,2026-01-08,Chennai,CHE-06,Member,Classic,24,Cloudy,28.9
124,2026-01-08,Chennai,CHE-11,Member,Classic,19,Cloudy,28.9
125,2026-01-08,Chennai,CHE-10,Member,Classic,18,Cloudy,28.9
126,2026-01-08,Chennai,CHE-11,Member,Classic,27,Cloudy,28.9
127,2026-01-08,Chennai,CHE-06,Member,Electric,15,Cloudy,28.9
128,2026-01-08,Bengaluru,BEN-03,Casual,Electric,33,Cloudy,27.7
129,2026-01-08,Bengaluru,BEN-11,Casual,Classic,39,Cloudy,27.7
130,2026-01-08,Bengaluru,BEN-12,Casual,Classic,33,Cloudy,27.7
131,2026-01-08,Bengaluru,BEN-12,Member,Classic,20,Cloudy,27.7
132,2026-01-08,Bengaluru,BEN-10,Casual,Electric,27,Cloudy,27.7
133,2026-01-09,Coimbatore,COI-11,Member,Classic,17,Cloudy,25.5
134,2026-01-09,Coimbatore,COI-08,Member,Electric,17,Cloudy,25.5
135,2026-01-09,Coimbatore,COI-12,Member,Electric,12,Cloudy,25.5
136,2026-01-09,Chennai,CHE-09,Casual,Classic,21,Clear,28.5
137,2026-01-09,Chennai,CHE-06,Casual,Classic,37,Clear,28.5
138,2026-01-09,Chennai,CHE-02,Casual,Electric,22,Clear,28.5
139,2026-01-09,Chennai,CHE-11,Member,Classic,18,Clear,28.5
140,2026-01-09,Bengaluru,BEN-06,Member,Classic,12,Clear,25.0
141,2026-01-09,Bengaluru,BEN-05,Casual,Classic,41,Clear,25.0
142,2026-01-09,Bengaluru,BEN-04,Member,Classic,13,Clear,25.0
143,2026-01-09,Bengaluru,BEN-12,Member,Electric,10,Clear,25.0
144,2026-01-09,Bengaluru,BEN-08,Member,Electric,19,Clear,25.0
145,2026-01-09,Bengaluru,BEN-05,Casual,Classic,34,Clear,25.0
146,2026-01-09,Bengaluru,BEN-09,Member,Classic,25,Clear,25.0
147,2026-01-10,Coimbatore,COI-02,Member,Electric,22,Clear,26.7
148,2026-01-10,Coimbatore,COI-12,Casual,Classic,48,Clear,26.7
149,2026-01-10,Coimbatore,COI-08,Casual,Electric,43,Clear,26.7
150,2026-01-10,Coimbatore,COI-09,Member,Classic,26,Clear,26.7
151,2026-01-10,Coimbatore,COI-06,Casual,Electric,44,Clear,26.7
152,2026-01-10,Coimbatore,COI-09,Member,Classic,18,Clear,26.7
153,2026-01-10,Coimbatore,COI-03,Member,Classic,27,Clear,26.7
154,2026-01-10,Coimbatore,COI-02,Casual,Electric,43,Clear,26.7
155,2026-01-10,Chennai,CHE-08,Casual,Classic,63,Cloudy,27.0
156,2026-01-10,Chennai,CHE-08,Member,Classic,27,Cloudy,27.0
157,2026-01-10,Chennai,CHE-10,Member,Electric,26,Cloudy,27.0
158,2026-01-10,Chennai,CHE-04,Casual,Classic,42,Cloudy,27.0
159,2026-01-10,Chennai,CHE-04,Member,Electric,15,Cloudy,27.0
160,2026-01-10,Chennai,CHE-08,Casual,Classic,29,Cloudy,27.0
161,2026-01-10,Bengaluru,BEN-04,Member,Electric,9,Rain,28.1
162,2026-01-10,Bengaluru,BEN-02,Casual,Classic,18,Rain,28.1
163,2026-01-10,Bengaluru,BEN-08,Member,Classic,14,Rain,28.1
164,2026-01-10,Bengaluru,BEN-01,Casual,Classic,24,Rain,28.1
165,2026-01-10,Bengaluru,BEN-11,Member,Electric,12,Rain,28.1
166,2026-01-10,Bengaluru,BEN-11,Member,Classic,10,Rain,28.1
167,2026-01-10,Bengaluru,BEN-04,Casual,Electric,25,Rain,28.1
168,2026-01-10,Bengaluru,BEN-03,Casual,Electric,27,Rain,28.1
169,2026-01-10,Bengaluru,BEN-10,Member,Classic,12,Rain,28.1
170,2026-01-11,Coimbatore,COI-05,Member,Classic,31,Clear,25.1
171,2026-01-11,Coimbatore,COI-07,Casual,Classic,42,Clear,25.1
172,2026-01-11,Coimbatore,COI-01,Casual,Electric,41,Clear,25.1
173,2026-01-11,Coimbatore,COI-01,Member,Electric,26,Clear,25.1
174,2026-01-11,Coimbatore,COI-05,Casual,Electric,29,Clear,25.1
175,2026-01-11,Coimbatore,COI-08,Casual,Electric,45,Clear,25.1
176,2026-01-11,Coimbatore,COI-10,Casual,Classic,51,Clear,25.1
177,2026-01-11,Coimbatore,COI-07,Casual,Electric,51,Clear,25.1
178,2026-01-11,Chennai,CHE-08,Member,Classic,21,Clear,25.0
179,2026-01-11,Chennai,CHE-08,Member,Electric,25,Clear,25.0
180,2026-01-11,Chennai,CHE-02,Member,Classic,16,Clear,25.0
181,2026-01-11,Chennai,CHE-11,Casual,Classic,10,Clear,25.0
182,2026-01-11,Chennai,CHE-01,Casual,Classic,37,Clear,25.0
183,2026-01-11,Chennai,CHE-01,Member,Classic,23,Clear,25.0
184,2026-01-11,Chennai,CHE-05,Member,Classic,15,Clear,25.0
185,2026-01-11,Chennai,CHE-10,Casual,Electric,59,Clear,25.0
186,2026-01-11,Bengaluru,BEN-04,Member,Classic,33,Cloudy,24.2
187,2026-01-11,Bengaluru,BEN-03,Casual,Electric,35,Cloudy,24.2
188,2026-01-11,Bengaluru,BEN-09,Casual,Electric,41,Cloudy,24.2
189,2026-01-11,Bengaluru,BEN-08,Casual,Classic,29,Cloudy,24.2
190,2026-01-11,Bengaluru,BEN-10,Casual,Classic,41,Cloudy,24.2
191,2026-01-11,Bengaluru,BEN-07,Casual,Electric,45,Cloudy,24.2
192,2026-01-11,Bengaluru,BEN-05,Member,Electric,19,Cloudy,24.2
193,2026-01-11,Bengaluru,BEN-11,Casual,Classic,36,Cloudy,24.2
194,2026-01-12,Coimbatore,COI-09,Member,Classic,14,Rain,25.1
195,2026-01-12,Coimbatore,COI-04,Member,Electric,16,Rain,25.1
196,2026-01-12,Coimbatore,COI-07,Member,Classic,5,Rain,25.1
197,2026-01-12,Coimbatore,COI-07,Member,Electric,9,Rain,25.1
198,2026-01-12,Coimbatore,COI-11,Casual,Electric,11,Rain,25.1
199,2026-01-12,Coimbatore,COI-10,Casual,Classic,25,Rain,25.1
200,2026-01-12,Chennai,CHE-08,Member,Classic,12,Rain,29.7
201,2026-01-12,Chennai,CHE-02,Member,Classic,16,Rain,29.7
202,2026-01-12,Chennai,CHE-06,Member,Electric,6,Rain,29.7
203,2026-01-12,Chennai,CHE-11,Member,Classic,13,Rain,29.7
204,2026-01-12,Chennai,CHE-06,Casual,Classic,21,Rain,29.7
205,2026-01-12,Bengaluru,BEN-12,Member,Electric,19,Rain,22.7
206,2026-01-12,Bengaluru,BEN-11,Member,Electric,6,Rain,22.7
207,2026-01-12,Bengaluru,BEN-01,Casual,Classic,21,Rain,22.7
208,2026-01-12,Bengaluru,BEN-05,Member,Electric,13,Rain,22.7
209,2026-01-12,Bengaluru,BEN-11,Member,Classic,11,Rain,22.7
210,2026-01-12,Bengaluru,BEN-02,Casual,Classic,24,Rain,22.7
211,2026-01-12,Bengaluru,BEN-10,Member,Classic,10,Rain,22.7
212,2026-01-13,Coimbatore,COI-08,Member,Electric,13,Clear,26.4
213,2026-01-13,Coimbatore,COI-06,Casual,Electric,37,Clear,26.4
214,2026-01-13,Coimbatore,COI-07,Casual,Classic,39,Clear,26.4
215,2026-01-13,Coimbatore,COI-08,Member,Classic,12,Clear,26.4
216,2026-01-13,Chennai,CHE-05,Member,Electric,34,Clear,28.0
217,2026-01-13,Chennai,CHE-11,Member,Electric,18,Clear,28.0
218,2026-01-13,Chennai,CHE-10,Casual,Electric,33,Clear,28.0
219,2026-01-13,Bengaluru,BEN-04,Casual,Classic,34,Cloudy,28.0
220,2026-01-13,Bengaluru,BEN-12,Member,Electric,15,Cloudy,28.0
221,2026-01-13,Bengaluru,BEN-11,Casual,Electric,34,Cloudy,28.0
222,2026-01-13,Bengaluru,BEN-08,Member,Classic,20,Cloudy,28.0
223,2026-01-13,Bengaluru,BEN-06,Member,Classic,25,Cloudy,28.0
224,2026-01-13,Bengaluru,BEN-03,Casual,Classic,45,Cloudy,28.0
225,2026-01-13,Bengaluru,BEN-05,Casual,Electric,26,Cloudy,28.0
226,2026-01-14,Coimbatore,COI-12,Member,Electric,22,Clear,27.7
227,2026-01-14,Coimbatore,COI-04,Casual,Electric,29,Clear,27.7
228,2026-01-14,Coimbatore,COI-07,Casual,Electric,33,Clear,27.7
229,2026-01-14,Coimbatore,COI-01,Casual,Electric,23,Clear,27.7
230,2026-01-14,Chennai,CHE-10,Member,Electric,24,Clear,27.5
231,2026-01-14,Chennai,CHE-08,Member,Electric,13,Clear,27.5
232,2026-01-14,Chennai,CHE-09,Member,Electric,23,Clear,27.5
233,2026-01-14,Chennai,CHE-08,Member,Electric,14,Clear,27.5
234,2026-01-14,Chennai,CHE-07,Casual,Classic,23,Clear,27.5
235,2026-01-14,Bengaluru,BEN-03,Member,Classic,26,Clear,28.4
236,2026-01-14,Bengaluru,BEN-12,Member,Classic,23,Clear,28.4
237,2026-01-14,Bengaluru,BEN-07,Member,Classic,12,Clear,28.4
238,2026-01-14,Bengaluru,BEN-10,Member,Electric,14,Clear,28.4
239,2026-01-15,Coimbatore,COI-06,Member,Classic,9,Rain,24.5
240,2026-01-15,Coimbatore,COI-09,Member,Electric,11,Rain,24.5
241,2026-01-15,Coimbatore,COI-02,Casual,Electric,23,Rain,24.5
242,2026-01-15,Coimbatore,COI-02,Casual,Electric,21,Rain,24.5
243,2026-01-15,Coimbatore,COI-06,Member,Electric,10,Rain,24.5
244,2026-01-15,Coimbatore,COI-10,Member,Classic,10,Rain,24.5
245,2026-01-15,Chennai,CHE-03,Member,Classic,21,Clear,29.5
246,2026-01-15,Chennai,CHE-05,Casual,Classic,27,Clear,29.5
247,2026-01-15,Chennai,CHE-03,Casual,Classic,36,Clear,29.5
248,2026-01-15,Chennai,CHE-03,Member,Electric,20,Clear,29.5
249,2026-01-15,Bengaluru,BEN-07,Member,Classic,18,Clear,27.6
250,2026-01-15,Bengaluru,BEN-08,Member,Electric,20,Clear,27.6
251,2026-01-15,Bengaluru,BEN-04,Member,Classic,14,Clear,27.6
252,2026-01-15,Bengaluru,BEN-11,Casual,Classic,27,Clear,27.6
253,2026-01-16,Coimbatore,COI-08,Member,Classic,12,Clear,28.8
254,2026-01-16,Coimbatore,COI-02,Casual,Classic,39,Clear,28.8
255,2026-01-16,Coimbatore,COI-10,Member,Classic,22,Clear,28.8
256,2026-01-16,Coimbatore,COI-10,Member,Classic,22,Clear,28.8
257,2026-01-16,Coimbatore,COI-12,Member,Classic,16,Clear,28.8
258,2026-01-16,Chennai,CHE-04,Casual,Electric,18,Rain,28.9
259,2026-01-16,Chennai,CHE-07,Member,Electric,6,Rain,28.9
260,2026-01-16,Chennai,CHE-07,Member,Classic,13,Rain,28.9
261,2026-01-16,Bengaluru,BEN-02,Member,Electric,26,Cloudy,25.2
262,2026-01-16,Bengaluru,BEN-06,Member,Electric,21,Cloudy,25.2
263,2026-01-16,Bengaluru,BEN-06,Casual,Classic,23,Cloudy,25.2
264,2026-01-16,Bengaluru,BEN-11,Member,Classic,15,Cloudy,25.2
265,2026-01-16,Bengaluru,BEN-05,Casual,Classic,34,Cloudy,25.2
266,2026-01-16,Bengaluru,BEN-10,Member,Classic,17,Cloudy,25.2
267,2026-01-17,Coimbatore,COI-05,Casual,Classic,35,Clear,26.0
268,2026-01-17,Coimbatore,COI-09,Casual,Electric,38,Clear,26.0
269,2026-01-17,Coimbatore,COI-01,Casual,Electric,29,Clear,26.0
270,2026-01-17,Coimbatore,COI-12,Casual,Electric,31,Clear,26.0
271,2026-01-17,Coimbatore,COI-06,Member,Classic,21,Clear,26.0
272,2026-01-17,Coimbatore,COI-03,Casual,Classic,32,Clear,26.0
273,2026-01-17,Coimbatore,COI-01,Casual,Classic,49,Clear,26.0
274,2026-01-17,Chennai,CHE-06,Casual,Classic,51,Cloudy,26.4
275,2026-01-17,Chennai,CHE-01,Member,Classic,30,Cloudy,26.4
276,2026-01-17,Chennai,CHE-01,Member,Electric,20,Cloudy,26.4
277,2026-01-17,Chennai,CHE-08,Casual,Classic,34,Cloudy,26.4
278,2026-01-17,Chennai,CHE-09,Casual,Classic,30,Cloudy,26.4
279,2026-01-17,Chennai,CHE-08,Member,Classic,21,Cloudy,26.4
280,2026-01-17,Bengaluru,BEN-05,Casual,Classic,55,Clear,25.5
281,2026-01-17,Bengaluru,BEN-02,Casual,Electric,41,Clear,25.5
282,2026-01-17,Bengaluru,BEN-03,Member,Electric,18,Clear,25.5
283,2026-01-17,Bengaluru,BEN-11,Member,Classic,23,Clear,25.5
284,2026-01-17,Bengaluru,BEN-12,Casual,Classic,53,Clear,25.5
285,2026-01-17,Bengaluru,BEN-10,Member,Classic,32,Clear,25.5
286,2026-01-17,Bengaluru,BEN-11,Casual,Classic,31,Clear,25.5
287,2026-01-17,Bengaluru,BEN-10,Casual,Classic,49,Clear,25.5
288,2026-01-17,Bengaluru,BEN-06,Casual,Electric,41,Clear,25.5
289,2026-01-18,Coimbatore,COI-12,Casual,Classic,58,Clear,23.9
290,2026-01-18,Coimbatore,COI-03,Member,Classic,28,Clear,23.9
291,2026-01-18,Coimbatore,COI-06,Member,Electric,19,Clear,23.9
292,2026-01-18,Coimbatore,COI-11,Casual,Electric,39,Clear,23.9
293,2026-01-18,Coimbatore,COI-10,Casual,Classic,44,Clear,23.9
294,2026-01-18,Coimbatore,COI-02,Member,Electric,25,Clear,23.9
295,2026-01-18,Chennai,CHE-10,Casual,Classic,16,Rain,29.0
296,2026-01-18,Chennai,CHE-06,Casual,Electric,20,Rain,29.0
297,2026-01-18,Chennai,CHE-08,Casual,Electric,25,Rain,29.0
298,2026-01-18,Chennai,CHE-10,Casual,Electric,26,Rain,29.0
299,2026-01-18,Chennai,CHE-01,Member,Classic,12,Rain,29.0
300,2026-01-18,Chennai,CHE-11,Casual,Classic,30,Rain,29.0
301,2026-01-18,Chennai,CHE-08,Casual,Electric,19,Rain,29.0
302,2026-01-18,Bengaluru,BEN-08,Casual,Classic,32,Clear,28.1
303,2026-01-18,Bengaluru,BEN-06,Casual,Electric,23,Clear,28.1
304,2026-01-18,Bengaluru,BEN-11,Casual,Classic,46,Clear,28.1
305,2026-01-18,Bengaluru,BEN-09,Member,Classic,17,Clear,28.1
306,2026-01-18,Bengaluru,BEN-05,Casual,Classic,44,Clear,28.1
307,2026-01-18,Bengaluru,BEN-11,Casual,Electric,39,Clear,28.1
308,2026-01-18,Bengaluru,BEN-02,Casual,Classic,37,Clear,28.1
309,2026-01-19,Coimbatore,COI-10,Member,Electric,21,Clear,27.7
310,2026-01-19,Coimbatore,COI-05,Member,Electric,15,Clear,27.7
311,2026-01-19,Coimbatore,COI-02,Casual,Electric,24,Clear,27.7
312,2026-01-19,Coimbatore,COI-06,Member,Classic,22,Clear,27.7
313,2026-01-19,Coimbatore,COI-11,Casual,Electric,38,Clear,27.7
314,2026-01-19,Coimbatore,COI-11,Casual,Classic,20,Clear,27.7
315,2026-01-19,Chennai,CHE-04,Member,Electric,14,Clear,25.5
316,2026-01-19,Chennai,CHE-02,Member,Classic,24,Clear,25.5
317,2026-01-19,Chennai,CHE-12,Member,Electric,12,Clear,25.5
318,2026-01-19,Chennai,CHE-06,Casual,Classic,32,Clear,25.5
319,2026-01-19,Chennai,CHE-03,Casual,Electric,28,Clear,25.5
320,2026-01-19,Chennai,CHE-03,Casual,Electric,29,Clear,25.5
321,2026-01-19,Bengaluru,BEN-08,Casual,Electric,22,Clear,25.6
322,2026-01-19,Bengaluru,BEN-08,Member,Classic,13,Clear,25.6
323,2026-01-19,Bengaluru,BEN-08,Casual,Classic,27,Clear,25.6
324,2026-01-19,Bengaluru,BEN-07,Member,Classic,13,Clear,25.6
325,2026-01-19,Bengaluru,BEN-10,Member,Classic,20,Clear,25.6
326,2026-01-19,Bengaluru,BEN-11,Member,Classic,21,Clear,25.6
327,2026-01-19,Bengaluru,BEN-09,Member,Classic,24,Clear,25.6
328,2026-01-20,Coimbatore,COI-03,Member,Electric,15,Clear,28.1
329,2026-01-20,Coimbatore,COI-06,Casual,Classic,44,Clear,28.1
330,2026-01-20,Coimbatore,COI-07,Casual,Classic,24,Clear,28.1
331,2026-01-20,Chennai,CHE-11,Member,Classic,26,Clear,31.5
332,2026-01-20,Chennai,CHE-01,Member,Classic,14,Clear,31.5
333,2026-01-20,Chennai,CHE-12,Member,Electric,17,Clear,31.5
334,2026-01-20,Chennai,CHE-02,Member,Electric,16,Clear,31.5
335,2026-01-20,Chennai,CHE-10,Member,Classic,24,Clear,31.5
336,2026-01-20,Bengaluru,BEN-07,Member,Classic,27,Clear,25.3
337,2026-01-20,Bengaluru,BEN-08,Member,Electric,26,Clear,25.3
338,2026-01-20,Bengaluru,BEN-09,Member,Classic,21,Clear,25.3
339,2026-01-20,Bengaluru,BEN-06,Member,Electric,18,Clear,25.3
340,2026-01-20,Bengaluru,BEN-11,Member,Classic,18,Clear,25.3
341,2026-01-20,Bengaluru,BEN-09,Member,Classic,11,Clear,25.3
342,2026-01-20,Bengaluru,BEN-09,Member,Electric,27,Clear,25.3
343,2026-01-21,Coimbatore,COI-02,Member,Electric,18,Clear,26.5
344,2026-01-21,Coimbatore,COI-11,Member,Electric,19,Clear,26.5
345,2026-01-21,Coimbatore,COI-06,Member,Classic,18,Clear,26.5
346,2026-01-21,Chennai,CHE-12,Casual,Classic,28,Cloudy,26.7
347,2026-01-21,Chennai,CHE-08,Member,Classic,23,Cloudy,26.7
348,2026-01-21,Chennai,CHE-04,Member,Classic,23,Cloudy,26.7
349,2026-01-21,Chennai,CHE-09,Casual,Classic,29,Cloudy,26.7
350,2026-01-21,Chennai,CHE-11,Member,Classic,22,Cloudy,26.7
351,2026-01-21,Bengaluru,BEN-07,Member,Electric,17,Clear,28.8
352,2026-01-21,Bengaluru,BEN-07,Casual,Electric,46,Clear,28.8
353,2026-01-21,Bengaluru,BEN-09,Member,Classic,16,Clear,28.8
354,2026-01-21,Bengaluru,BEN-07,Member,Classic,14,Clear,28.8
355,2026-01-21,Bengaluru,BEN-06,Member,Electric,20,Clear,28.8
356,2026-01-22,Coimbatore,COI-07,Member,Electric,13,Clear,27.8
357,2026-01-22,Coimbatore,COI-06,Member,Classic,11,Clear,27.8
358,2026-01-22,Coimbatore,COI-11,Member,Classic,20,Clear,27.8
359,2026-01-22,Chennai,CHE-03,Member,Electric,13,Clear,29.6
360,2026-01-22,Chennai,CHE-08,Casual,Electric,14,Clear,29.6
361,2026-01-22,Chennai,CHE-07,Member,Classic,19,Clear,29.6
362,2026-01-22,Bengaluru,BEN-02,Casual,Classic,24,Cloudy,27.9
363,2026-01-22,Bengaluru,BEN-04,Member,Classic,13,Cloudy,27.9
364,2026-01-22,Bengaluru,BEN-03,Casual,Classic,39,Cloudy,27.9
365,2026-01-22,Bengaluru,BEN-05,Member,Classic,15,Cloudy,27.9
366,2026-01-23,Coimbatore,COI-04,Member,Electric,17,Clear,27.6
367,2026-01-23,Coimbatore,COI-08,Member,Electric,9,Clear,27.6
368,2026-01-23,Coimbatore,COI-06,Casual,Electric,37,Clear,27.6
369,2026-01-23,Coimbatore,COI-05,Member,Electric,14,Clear,27.6
370,2026-01-23,Coimbatore,COI-12,Casual,Electric,30,Clear,27.6
371,2026-01-23,Coimbatore,COI-04,Member,Electric,16,Clear,27.6
372,2026-01-23,Chennai,CHE-08,Member,Classic,18,Clear,28.9
373,2026-01-23,Chennai,CHE-05,Casual,Classic,29,Clear,28.9
374,2026-01-23,Chennai,CHE-08,Member,Electric,17,Clear,28.9
375,2026-01-23,Chennai,CHE-06,Member,Electric,19,Clear,28.9
376,2026-01-23,Bengaluru,BEN-09,Member,Electric,16,Clear,28.0
377,2026-01-23,Bengaluru,BEN-01,Member,Classic,23,Clear,28.0
378,2026-01-23,Bengaluru,BEN-05,Casual,Classic,30,Clear,28.0
379,2026-01-23,Bengaluru,BEN-09,Member,Classic,17,Clear,28.0
380,2026-01-24,Coimbatore,COI-03,Casual,Classic,31,Cloudy,25.6
381,2026-01-24,Coimbatore,COI-10,Casual,Electric,52,Cloudy,25.6
382,2026-01-24,Coimbatore,COI-11,Casual,Classic,48,Cloudy,25.6
383,2026-01-24,Coimbatore,COI-01,Casual,Electric,28,Cloudy,25.6
384,2026-01-24,Coimbatore,COI-01,Casual,Classic,59,Cloudy,25.6
385,2026-01-24,Coimbatore,COI-10,Casual,Electric,39,Cloudy,25.6
386,2026-01-24,Coimbatore,COI-08,Casual,Electric,47,Cloudy,25.6
387,2026-01-24,Coimbatore,COI-04,Casual,Classic,35,Cloudy,25.6
388,2026-01-24,Chennai,CHE-08,Member,Classic,19,Clear,26.5
389,2026-01-24,Chennai,CHE-06,Casual,Classic,52,Clear,26.5
390,2026-01-24,Chennai,CHE-07,Casual,Electric,56,Clear,26.5
391,2026-01-24,Chennai,CHE-08,Member,Classic,18,Clear,26.5
392,2026-01-24,Chennai,CHE-03,Member,Classic,21,Clear,26.5
393,2026-01-24,Chennai,CHE-04,Member,Classic,17,Clear,26.5
394,2026-01-24,Chennai,CHE-06,Casual,Electric,49,Clear,26.5
395,2026-01-24,Chennai,CHE-09,Casual,Electric,42,Clear,26.5
396,2026-01-24,Chennai,CHE-08,Casual,Electric,45,Clear,26.5
397,2026-01-24,Bengaluru,BEN-05,Casual,Classic,37,Clear,26.4
398,2026-01-24,Bengaluru,BEN-11,Casual,Electric,38,Clear,26.4
399,2026-01-24,Bengaluru,BEN-03,Casual,Classic,45,Clear,26.4
400,2026-01-24,Bengaluru,BEN-07,Casual,Electric,40,Clear,26.4
401,2026-01-24,Bengaluru,BEN-09,Casual,Classic,34,Clear,26.4
402,2026-01-24,Bengaluru,BEN-08,Member,Classic,21,Clear,26.4
403,2026-01-24,Bengaluru,BEN-02,Casual,Classic,55,Clear,26.4
404,2026-01-25,Coimbatore,COI-06,Casual,Classic,23,Rain,26.6
405,2026-01-25,Coimbatore,COI-01,Casual,Classic,17,Rain,26.6
406,2026-01-25,Coimbatore,COI-08,Member,Electric,13,Rain,26.6
407,2026-01-25,Coimbatore,COI-10,Casual,Classic,27,Rain,26.6
408,2026-01-25,Coimbatore,COI-10,Member,Classic,12,Rain,26.6
409,2026-01-25,Coimbatore,COI-09,Casual,Classic,18,Rain,26.6
410,2026-01-25,Coimbatore,COI-08,Casual,Classic,34,Rain,26.6
411,2026-01-25,Chennai,CHE-12,Casual,Classic,45,Clear,30.2
412,2026-01-25,Chennai,CHE-05,Casual,Classic,25,Clear,30.2
413,2026-01-25,Chennai,CHE-12,Casual,Electric,42,Clear,30.2
414,2026-01-25,Chennai,CHE-09,Member,Classic,15,Clear,30.2
415,2026-01-25,Chennai,CHE-11,Casual,Electric,43,Clear,30.2
416,2026-01-25,Chennai,CHE-12,Member,Classic,20,Clear,30.2
417,2026-01-25,Bengaluru,BEN-10,Casual,Classic,43,Clear,26.8
418,2026-01-25,Bengaluru,BEN-12,Casual,Electric,51,Clear,26.8
419,2026-01-25,Bengaluru,BEN-11,Casual,Electric,27,Clear,26.8
420,2026-01-25,Bengaluru,BEN-03,Casual,Classic,38,Clear,26.8
421,2026-01-25,Bengaluru,BEN-12,Casual,Classic,26,Clear,26.8
422,2026-01-25,Bengaluru,BEN-05,Casual,Electric,36,Clear,26.8
423,2026-01-25,Bengaluru,BEN-04,Casual,Classic,40,Clear,26.8
424,2026-01-26,Coimbatore,COI-08,Member,Classic,24,Cloudy,28.6
425,2026-01-26,Coimbatore,COI-02,Member,Electric,19,Cloudy,28.6
426,2026-01-26,Coimbatore,COI-07,Member,Classic,15,Cloudy,28.6
427,2026-01-26,Coimbatore,COI-05,Casual,Electric,34,Cloudy,28.6
428,2026-01-26,Coimbatore,COI-08,Casual,Classic,26,Cloudy,28.6
429,2026-01-26,Chennai,CHE-02,Casual,Classic,26,Cloudy,27.6
430,2026-01-26,Chennai,CHE-04,Member,Classic,17,Cloudy,27.6
431,2026-01-26,Chennai,CHE-02,Member,Electric,18,Cloudy,27.6
432,2026-01-26,Chennai,CHE-02,Member,Electric,21,Cloudy,27.6
433,2026-01-26,Chennai,CHE-03,Member,Classic,30,Cloudy,27.6
434,2026-01-26,Bengaluru,BEN-05,Member,Electric,15,Cloudy,29.6
435,2026-01-26,Bengaluru,BEN-10,Member,Electric,20,Cloudy,29.6
436,2026-01-26,Bengaluru,BEN-01,Member,Electric,17,Cloudy,29.6
437,2026-01-26,Bengaluru,BEN-01,Casual,Classic,36,Cloudy,29.6
438,2026-01-26,Bengaluru,BEN-08,Casual,Classic,29,Cloudy,29.6
439,2026-01-26,Bengaluru,BEN-01,Member,Electric,21,Cloudy,29.6
440,2026-01-26,Bengaluru,BEN-02,Member,Classic,15,Cloudy,29.6
441,2026-01-27,Coimbatore,COI-08,Member,Classic,26,Clear,30.4
442,2026-01-27,Coimbatore,COI-06,Member,Electric,15,Clear,30.4
443,2026-01-27,Coimbatore,COI-12,Member,Classic,18,Clear,30.4
444,2026-01-27,Coimbatore,COI-11,Member,Classic,21,Clear,30.4
445,2026-01-27,Coimbatore,COI-07,Casual,Classic,43,Clear,30.4
446,2026-01-27,Chennai,CHE-06,Member,Classic,10,Clear,30.5
447,2026-01-27,Chennai,CHE-05,Casual,Classic,26,Clear,30.5
448,2026-01-27,Chennai,CHE-12,Casual,Classic,38,Clear,30.5
449,2026-01-27,Chennai,CHE-11,Member,Classic,16,Clear,30.5
450,2026-01-27,Chennai,CHE-07,Member,Classic,21,Clear,30.5
451,2026-01-27,Bengaluru,BEN-08,Casual,Classic,36,Cloudy,28.3
452,2026-01-27,Bengaluru,BEN-10,Member,Electric,29,Cloudy,28.3
453,2026-01-27,Bengaluru,BEN-11,Member,Electric,24,Cloudy,28.3
454,2026-01-27,Bengaluru,BEN-11,Casual,Electric,25,Cloudy,28.3
455,2026-01-27,Bengaluru,BEN-12,Casual,Electric,40,Cloudy,28.3
456,2026-01-27,Bengaluru,BEN-02,Member,Electric,20,Cloudy,28.3
457,2026-01-28,Coimbatore,COI-08,Member,Classic,23,Cloudy,30.0
458,2026-01-28,Coimbatore,COI-10,Member,Classic,26,Cloudy,30.0
459,2026-01-28,Coimbatore,COI-03,Member,Electric,17,Cloudy,30.0
460,2026-01-28,Chennai,CHE-12,Member,Electric,19,Clear,26.9
461,2026-01-28,Chennai,CHE-02,Member,Classic,21,Clear,26.9
462,2026-01-28,Chennai,CHE-02,Member,Classic,18,Clear,26.9
463,2026-01-28,Chennai,CHE-08,Member,Classic,28,Clear,26.9
464,2026-01-28,Chennai,CHE-03,Member,Classic,10,Clear,26.9
465,2026-01-28,Chennai,CHE-07,Casual,Electric,27,Clear,26.9
466,2026-01-28,Bengaluru,BEN-11,Member,Electric,9,Rain,30.0
467,2026-01-28,Bengaluru,BEN-09,Casual,Classic,21,Rain,30.0
468,2026-01-28,Bengaluru,BEN-04,Member,Classic,10,Rain,30.0
469,2026-01-28,Bengaluru,BEN-12,Casual,Electric,25,Rain,30.0
470,2026-01-28,Bengaluru,BEN-04,Member,Classic,10,Rain,30.0
471,2026-01-28,Bengaluru,BEN-12,Member,Classic,10,Rain,30.0
472,2026-01-28,Bengaluru,BEN-11,Casual,Classic,30,Rain,30.0
473,2026-01-29,Coimbatore,COI-08,Casual,Classic,42,Cloudy,30.4
474,2026-01-29,Coimbatore,COI-01,Member,Electric,20,Cloudy,30.4
475,2026-01-29,Coimbatore,COI-01,Member,Classic,13,Cloudy,30.4
476,2026-01-29,Coimbatore,COI-04,Member,Electric,20,Cloudy,30.4
477,2026-01-29,Coimbatore,COI-11,Casual,Electric,27,Cloudy,30.4
478,2026-01-29,Coimbatore,COI-03,Casual,Classic,42,Cloudy,30.4
479,2026-01-29,Chennai,CHE-11,Member,Classic,18,Clear,28.4
480,2026-01-29,Chennai,CHE-06,Member,Classic,15,Clear,28.4
481,2026-01-29,Chennai,CHE-07,Casual,Electric,34,Clear,28.4
482,2026-01-29,Chennai,CHE-03,Member,Classic,14,Clear,28.4
483,2026-01-29,Bengaluru,BEN-07,Casual,Classic,29,Clear,26.1
484,2026-01-29,Bengaluru,BEN-03,Casual,Classic,33,Clear,26.1
485,2026-01-29,Bengaluru,BEN-08,Member,Classic,17,Clear,26.1
486,2026-01-29,Bengaluru,BEN-12,Casual,Classic,35,Clear,26.1
487,2026-01-29,Bengaluru,BEN-01,Casual,Classic,24,Clear,26.1
488,2026-01-29,Bengaluru,BEN-10,Casual,Classic,40,Clear,26.1
489,2026-01-29,Bengaluru,BEN-06,Casual,Classic,16,Clear,26.1
490,2026-01-30,Coimbatore,COI-02,Casual,Electric,20,Rain,25.0
491,2026-01-30,Coimbatore,COI-12,Casual,Electric,26,Rain,25.0
492,2026-01-30,Coimbatore,COI-09,Member,Electric,9,Rain,25.0
493,2026-01-30,Coimbatore,COI-05,Member,Classic,7,Rain,25.0
494,2026-01-30,Coimbatore,COI-08,Member,Classic,12,Rain,25.0
495,2026-01-30,Chennai,CHE-07,Member,Electric,22,Clear,32.8
496,2026-01-30,Chennai,CHE-12,Member,Electric,16,Clear,32.8
497,2026-01-30,Chennai,CHE-07,Member,Classic,23,Clear,32.8
498,2026-01-30,Chennai,CHE-04,Member,Classic,16,Clear,32.8
499,2026-01-30,Chennai,CHE-11,Member,Electric,11,Clear,32.8
500,2026-01-30,Chennai,CHE-08,Member,Electric,18,Clear,32.8
501,2026-01-30,Bengaluru,BEN-09,Member,Classic,15,Clear,29.3
502,2026-01-30,Bengaluru,BEN-09,Casual,Electric,31,Clear,29.3
503,2026-01-30,Bengaluru,BEN-01,Member,Electric,24,Clear,29.3
504,2026-01-30,Bengaluru,BEN-04,Member,Electric,16,Clear,29.3
505,2026-01-30,Bengaluru,BEN-01,Member,Classic,19,Clear,29.3
506,2026-01-30,Bengaluru,BEN-10,Member,Electric,23,Clear,29.3
507,2026-01-30,Bengaluru,BEN-07,Casual,Electric,42,Clear,29.3
508,2026-01-31,Coimbatore,COI-09,Casual,Classic,41,Clear,25.3
509,2026-01-31,Coimbatore,COI-02,Casual,Electric,48,Clear,25.3
510,2026-01-31,Coimbatore,COI-04,Casual,Classic,19,Clear,25.3
511,2026-01-31,Coimbatore,COI-07,Member,Classic,24,Clear,25.3
512,2026-01-31,Coimbatore,COI-08,Member,Electric,18,Clear,25.3
513,2026-01-31,Coimbatore,COI-02,Casual,Electric,42,Clear,25.3
514,2026-01-31,Chennai,CHE-01,Casual,Classic,55,Clear,25.3
515,2026-01-31,Chennai,CHE-06,Casual,Classic,48,Clear,25.3
516,2026-01-31,Chennai,CHE-02,Casual,Electric,28,Clear,25.3
517,2026-01-31,Chennai,CHE-12,Casual,Electric,43,Clear,25.3
518,2026-01-31,Chennai,CHE-01,Casual,Classic,61,Clear,25.3
519,2026-01-31,Chennai,CHE-11,Casual,Electric,38,Clear,25.3
520,2026-01-31,Bengaluru,BEN-03,Member,Classic,29,Clear,26.1
521,2026-01-31,Bengaluru,BEN-03,Casual,Electric,37,Clear,26.1
522,2026-01-31,Bengaluru,BEN-07,Casual,Classic,42,Clear,26.1
523,2026-01-31,Bengaluru,BEN-12,Casual,Classic,28,Clear,26.1
524,2026-01-31,Bengaluru,BEN-06,Casual,Classic,51,Clear,26.1
525,2026-01-31,Bengaluru,BEN-10,Member,Classic,25,Clear,26.1
526,2026-01-31,Bengaluru,BEN-06,Casual,Classic,32,Clear,26.1
527,2026-02-01,Coimbatore,COI-03,Casual,Classic,31,Cloudy,25.8
528,2026-02-01,Coimbatore,COI-02,Casual,Electric,37,Cloudy,25.8
529,2026-02-01,Coimbatore,COI-05,Casual,Classic,40,Cloudy,25.8
530,2026-02-01,Coimbatore,COI-11,Member,Electric,25,Cloudy,25.8
531,2026-02-01,Coimbatore,COI-05,Member,Classic,21,Cloudy,25.8
532,2026-02-01,Coimbatore,COI-02,Casual,Electric,43,Cloudy,25.8
533,2026-02-01,Chennai,CHE-09,Casual,Classic,43,Clear,25.7
534,2026-02-01,Chennai,CHE-06,Member,Classic,24,Clear,25.7
535,2026-02-01,Chennai,CHE-12,Casual,Classic,25,Clear,25.7
536,2026-02-01,Chennai,CHE-04,Casual,Electric,49,Clear,25.7
537,2026-02-01,Chennai,CHE-05,Casual,Classic,36,Clear,25.7
538,2026-02-01,Chennai,CHE-03,Member,Classic,25,Clear,25.7
539,2026-02-01,Chennai,CHE-05,Casual,Classic,36,Clear,25.7
540,2026-02-01,Bengaluru,BEN-03,Casual,Classic,40,Cloudy,24.1
541,2026-02-01,Bengaluru,BEN-06,Member,Electric,19,Cloudy,24.1
542,2026-02-01,Bengaluru,BEN-11,Casual,Classic,52,Cloudy,24.1
543,2026-02-01,Bengaluru,BEN-04,Casual,Classic,30,Cloudy,24.1
544,2026-02-01,Bengaluru,BEN-07,Casual,Classic,62,Cloudy,24.1
545,2026-02-01,Bengaluru,BEN-10,Casual,Classic,36,Cloudy,24.1
546,2026-02-01,Bengaluru,BEN-05,Casual,Classic,29,Cloudy,24.1
547,2026-02-01,Bengaluru,BEN-10,Casual,Classic,50,Cloudy,24.1
548,2026-02-02,Coimbatore,COI-12,Casual,Classic,39,Cloudy,24.6
549,2026-02-02,Coimbatore,COI-07,Member,Electric,19,Cloudy,24.6
550,2026-02-02,Coimbatore,COI-05,Member,Classic,17,Cloudy,24.6
551,2026-02-02,Coimbatore,COI-02,Member,Electric,16,Cloudy,24.6
552,2026-02-02,Chennai,CHE-12,Member,Classic,6,Rain,26.1
553,2026-02-02,Chennai,CHE-09,Member,Classic,15,Rain,26.1
554,2026-02-02,Chennai,CHE-02,Member,Electric,10,Rain,26.1
555,2026-02-02,Chennai,CHE-01,Casual,Electric,15,Rain,26.1
556,2026-02-02,Chennai,CHE-11,Member,Electric,14,Rain,26.1
557,2026-02-02,Chennai,CHE-01,Member,Electric,14,Rain,26.1
558,2026-02-02,Bengaluru,BEN-10,Member,Classic,17,Clear,24.3
559,2026-02-02,Bengaluru,BEN-12,Member,Classic,11,Clear,24.3
560,2026-02-02,Bengaluru,BEN-01,Member,Classic,20,Clear,24.3
561,2026-02-02,Bengaluru,BEN-12,Member,Classic,20,Clear,24.3
562,2026-02-03,Coimbatore,COI-06,Casual,Classic,30,Clear,23.5
563,2026-02-03,Coimbatore,COI-05,Member,Classic,17,Clear,23.5
564,2026-02-03,Coimbatore,COI-01,Member,Electric,14,Clear,23.5
565,2026-02-03,Coimbatore,COI-12,Casual,Electric,30,Clear,23.5
566,2026-02-03,Chennai,CHE-08,Member,Classic,16,Clear,26.7
567,2026-02-03,Chennai,CHE-07,Member,Classic,21,Clear,26.7
568,2026-02-03,Chennai,CHE-04,Member,Electric,24,Clear,26.7
569,2026-02-03,Chennai,CHE-05,Member,Classic,21,Clear,26.7
570,2026-02-03,Bengaluru,BEN-04,Member,Classic,18,Cloudy,26.2
571,2026-02-03,Bengaluru,BEN-11,Member,Classic,22,Cloudy,26.2
572,2026-02-03,Bengaluru,BEN-07,Member,Classic,14,Cloudy,26.2
573,2026-02-03,Bengaluru,BEN-11,Member,Classic,22,Cloudy,26.2
574,2026-02-04,Coimbatore,COI-04,Member,Classic,8,Rain,25.1
575,2026-02-04,Coimbatore,COI-07,Member,Classic,10,Rain,25.1
576,2026-02-04,Coimbatore,COI-07,Member,Classic,8,Rain,25.1
577,2026-02-04,Coimbatore,COI-03,Member,Electric,9,Rain,25.1
578,2026-02-04,Coimbatore,COI-03,Member,Classic,7,Rain,25.1
579,2026-02-04,Chennai,CHE-07,Member,Classic,20,Clear,26.2
580,2026-02-04,Chennai,CHE-08,Casual,Classic,32,Clear,26.2
581,2026-02-04,Chennai,CHE-03,Member,Classic,17,Clear,26.2
582,2026-02-04,Chennai,CHE-04,Member,Classic,13,Clear,26.2
583,2026-02-04,Bengaluru,BEN-08,Member,Electric,11,Clear,22.9
584,2026-02-04,Bengaluru,BEN-02,Member,Classic,15,Clear,22.9
585,2026-02-04,Bengaluru,BEN-01,Member,Classic,24,Clear,22.9
586,2026-02-04,Bengaluru,BEN-04,Casual,Classic,31,Clear,22.9
587,2026-02-04,Bengaluru,BEN-05,Casual,Classic,38,Clear,22.9
588,2026-02-04,Bengaluru,BEN-05,Casual,Classic,20,Clear,22.9
589,2026-02-05,Coimbatore,COI-12,Casual,Classic,20,Rain,22.2
590,2026-02-05,Coimbatore,COI-12,Member,Classic,9,Rain,22.2
591,2026-02-05,Coimbatore,COI-04,Member,Classic,7,Rain,22.2
592,2026-02-05,Coimbatore,COI-09,Casual,Classic,14,Rain,22.2
593,2026-02-05,Coimbatore,COI-05,Member,Classic,9,Rain,22.2
594,2026-02-05,Chennai,CHE-03,Casual,Electric,26,Rain,26.8
595,2026-02-05,Chennai,CHE-11,Casual,Electric,32,Rain,26.8
596,2026-02-05,Chennai,CHE-04,Member,Electric,7,Rain,26.8
597,2026-02-05,Chennai,CHE-07,Member,Classic,11,Rain,26.8
598,2026-02-05,Chennai,CHE-05,Member,Classic,16,Rain,26.8
599,2026-02-05,Bengaluru,BEN-12,Casual,Electric,21,Clear,22.1
600,2026-02-05,Bengaluru,BEN-08,Casual,Classic,40,Clear,22.1
601,2026-02-05,Bengaluru,BEN-12,Member,Classic,19,Clear,22.1
602,2026-02-05,Bengaluru,BEN-12,Casual,Electric,19,Clear,22.1
603,2026-02-05,Bengaluru,BEN-07,Member,Classic,15,Clear,22.1
604,2026-02-05,Bengaluru,BEN-06,Casual,Classic,31,Clear,22.1
605,2026-02-05,Bengaluru,BEN-08,Casual,Classic,23,Clear,22.1
606,2026-02-06,Coimbatore,COI-08,Member,Electric,9,Rain,26.4
607,2026-02-06,Coimbatore,COI-07,Member,Electric,12,Rain,26.4
608,2026-02-06,Coimbatore,COI-03,Member,Electric,13,Rain,26.4
609,2026-02-06,Coimbatore,COI-02,Casual,Classic,26,Rain,26.4
610,2026-02-06,Coimbatore,COI-06,Member,Classic,7,Rain,26.4
611,2026-02-06,Chennai,CHE-02,Casual,Electric,29,Clear,27.6
612,2026-02-06,Chennai,CHE-03,Member,Classic,19,Clear,27.6
613,2026-02-06,Chennai,CHE-06,Member,Classic,17,Clear,27.6
614,2026-02-06,Chennai,CHE-07,Casual,Electric,32,Clear,27.6
615,2026-02-06,Bengaluru,BEN-05,Member,Electric,21,Clear,23.2
616,2026-02-06,Bengaluru,BEN-03,Member,Electric,21,Clear,23.2
617,2026-02-06,Bengaluru,BEN-10,Member,Electric,23,Clear,23.2
618,2026-02-06,Bengaluru,BEN-12,Member,Classic,20,Clear,23.2
619,2026-02-06,Bengaluru,BEN-08,Member,Electric,23,Clear,23.2
620,2026-02-07,Coimbatore,COI-07,Casual,Classic,33,Clear,22.5
621,2026-02-07,Coimbatore,COI-11,Casual,Classic,42,Clear,22.5
622,2026-02-07,Coimbatore,COI-10,Member,Classic,18,Clear,22.5
623,2026-02-07,Coimbatore,COI-11,Casual,Classic,42,Clear,22.5
624,2026-02-07,Coimbatore,COI-10,Casual,Classic,39,Clear,22.5
625,2026-02-07,Coimbatore,COI-04,Casual,Electric,39,Clear,22.5
626,2026-02-07,Coimbatore,COI-08,Casual,Classic,43,Clear,22.5
627,2026-02-07,Chennai,CHE-10,Casual,Electric,53,Clear,29.8
628,2026-02-07,Chennai,CHE-03,Casual,Classic,55,Clear,29.8
629,2026-02-07,Chennai,CHE-02,Casual,Electric,40,Clear,29.8
630,2026-02-07,Chennai,CHE-01,Member,Classic,21,Clear,29.8
631,2026-02-07,Chennai,CHE-07,Casual,Classic,36,Clear,29.8
632,2026-02-07,Chennai,CHE-11,Casual,Classic,55,Clear,29.8
633,2026-02-07,Bengaluru,BEN-07,Casual,Classic,44,Clear,23.8
634,2026-02-07,Bengaluru,BEN-11,Casual,Electric,28,Clear,23.8
635,2026-02-07,Bengaluru,BEN-04,Casual,Classic,35,Clear,23.8
636,2026-02-07,Bengaluru,BEN-07,Member,Classic,14,Clear,23.8
637,2026-02-07,Bengaluru,BEN-11,Member,Electric,30,Clear,23.8
638,2026-02-07,Bengaluru,BEN-12,Casual,Classic,45,Clear,23.8
639,2026-02-07,Bengaluru,BEN-09,Member,Classic,17,Clear,23.8
640,2026-02-07,Bengaluru,BEN-03,Casual,Electric,40,Clear,23.8
641,2026-02-08,Coimbatore,COI-07,Member,Electric,23,Clear,26.8
642,2026-02-08,Coimbatore,COI-12,Member,Classic,21,Clear,26.8
643,2026-02-08,Coimbatore,COI-01,Casual,Electric,28,Clear,26.8
644,2026-02-08,Coimbatore,COI-06,Casual,Classic,40,Clear,26.8
645,2026-02-08,Coimbatore,COI-02,Member,Electric,29,Clear,26.8
646,2026-02-08,Coimbatore,COI-01,Member,Classic,17,Clear,26.8
647,2026-02-08,Coimbatore,COI-03,Casual,Classic,49,Clear,26.8
648,2026-02-08,Coimbatore,COI-01,Member,Electric,24,Clear,26.8
649,2026-02-08,Chennai,CHE-02,Casual,Classic,46,Clear,25.6
650,2026-02-08,Chennai,CHE-03,Casual,Electric,28,Clear,25.6
651,2026-02-08,Chennai,CHE-08,Member,Classic,28,Clear,25.6
652,2026-02-08,Chennai,CHE-05,Casual,Electric,43,Clear,25.6
653,2026-02-08,Chennai,CHE-10,Member,Classic,26,Clear,25.6
654,2026-02-08,Chennai,CHE-04,Casual,Electric,40,Clear,25.6
655,2026-02-08,Chennai,CHE-04,Casual,Classic,23,Clear,25.6
656,2026-02-08,Chennai,CHE-04,Casual,Classic,41,Clear,25.6
657,2026-02-08,Chennai,CHE-11,Member,Electric,29,Clear,25.6
658,2026-02-08,Bengaluru,BEN-12,Casual,Electric,25,Rain,22.1
659,2026-02-08,Bengaluru,BEN-01,Member,Classic,17,Rain,22.1
660,2026-02-08,Bengaluru,BEN-05,Casual,Classic,23,Rain,22.1
661,2026-02-08,Bengaluru,BEN-12,Member,Electric,17,Rain,22.1
662,2026-02-08,Bengaluru,BEN-12,Casual,Classic,20,Rain,22.1
663,2026-02-08,Bengaluru,BEN-02,Member,Classic,18,Rain,22.1
664,2026-02-08,Bengaluru,BEN-11,Casual,Classic,32,Rain,22.1
665,2026-02-09,Coimbatore,COI-06,Member,Electric,16,Clear,23.8
666,2026-02-09,Coimbatore,COI-04,Member,Classic,11,Clear,23.8
667,2026-02-09,Coimbatore,COI-08,Member,Electric,20,Clear,23.8
668,2026-02-09,Coimbatore,COI-09,Member,Classic,19,Clear,23.8
669,2026-02-09,Chennai,CHE-11,Member,Classic,12,Rain,25.4
670,2026-02-09,Chennai,CHE-10,Member,Electric,12,Rain,25.4
671,2026-02-09,Chennai,CHE-04,Member,Electric,10,Rain,25.4
672,2026-02-09,Chennai,CHE-01,Casual,Classic,21,Rain,25.4
673,2026-02-09,Chennai,CHE-07,Member,Classic,11,Rain,25.4
674,2026-02-09,Bengaluru,BEN-03,Member,Classic,18,Cloudy,25.5
675,2026-02-09,Bengaluru,BEN-04,Member,Classic,19,Cloudy,25.5
676,2026-02-09,Bengaluru,BEN-11,Casual,Classic,26,Cloudy,25.5
677,2026-02-09,Bengaluru,BEN-02,Casual,Classic,17,Cloudy,25.5
678,2026-02-09,Bengaluru,BEN-11,Member,Classic,13,Cloudy,25.5
679,2026-02-09,Bengaluru,BEN-06,Member,Classic,25,Cloudy,25.5
680,2026-02-09,Bengaluru,BEN-01,Member,Electric,13,Cloudy,25.5
681,2026-02-10,Coimbatore,COI-06,Casual,Classic,15,Rain,24.9
682,2026-02-10,Coimbatore,COI-05,Member,Classic,13,Rain,24.9
683,2026-02-10,Coimbatore,COI-11,Member,Classic,8,Rain,24.9
684,2026-02-10,Coimbatore,COI-09,Member,Classic,8,Rain,24.9
685,2026-02-10,Chennai,CHE-11,Member,Classic,22,Clear,26.0
686,2026-02-10,Chennai,CHE-01,Casual,Classic,26,Clear,26.0
687,2026-02-10,Chennai,CHE-08,Casual,Electric,26,Clear,26.0
688,2026-02-10,Chennai,CHE-06,Member,Classic,22,Clear,26.0
689,2026-02-10,Chennai,CHE-05,Member,Classic,17,Clear,26.0
690,2026-02-10,Chennai,CHE-09,Member,Electric,21,Clear,26.0
691,2026-02-10,Bengaluru,BEN-12,Casual,Classic,29,Cloudy,28.3
692,2026-02-10,Bengaluru,BEN-04,Member,Electric,15,Cloudy,28.3
693,2026-02-10,Bengaluru,BEN-03,Member,Electric,10,Cloudy,28.3
694,2026-02-10,Bengaluru,BEN-12,Member,Classic,25,Cloudy,28.3
695,2026-02-10,Bengaluru,BEN-10,Member,Electric,25,Cloudy,28.3
696,2026-02-10,Bengaluru,BEN-04,Member,Classic,19,Cloudy,28.3
697,2026-02-11,Coimbatore,COI-08,Member,Classic,17,Clear,23.5
698,2026-02-11,Coimbatore,COI-04,Member,Electric,17,Clear,23.5
699,2026-02-11,Coimbatore,COI-06,Casual,Classic,38,Clear,23.5
700,2026-02-11,Coimbatore,COI-12,Member,Classic,25,Clear,23.5
701,2026-02-11,Coimbatore,COI-02,Casual,Electric,41,Clear,23.5
702,2026-02-11,Coimbatore,COI-07,Member,Electric,11,Clear,23.5
703,2026-02-11,Chennai,CHE-08,Casual,Electric,21,Clear,26.4
704,2026-02-11,Chennai,CHE-09,Member,Classic,20,Clear,26.4
705,2026-02-11,Chennai,CHE-10,Member,Electric,19,Clear,26.4
706,2026-02-11,Bengaluru,BEN-01,Member,Classic,15,Clear,26.9
707,2026-02-11,Bengaluru,BEN-10,Casual,Electric,12,Clear,26.9
708,2026-02-11,Bengaluru,BEN-10,Member,Electric,27,Clear,26.9
709,2026-02-11,Bengaluru,BEN-12,Member,Classic,20,Clear,26.9
710,2026-02-11,Bengaluru,BEN-06,Member,Classic,17,Clear,26.9
711,2026-02-12,Coimbatore,COI-01,Casual,Electric,31,Cloudy,28.4
712,2026-02-12,Coimbatore,COI-02,Member,Classic,14,Cloudy,28.4
713,2026-02-12,Coimbatore,COI-08,Member,Electric,18,Cloudy,28.4
714,2026-02-12,Coimbatore,COI-07,Casual,Electric,30,Cloudy,28.4
715,2026-02-12,Chennai,CHE-11,Member,Electric,12,Rain,26.7
716,2026-02-12,Chennai,CHE-01,Member,Classic,7,Rain,26.7
717,2026-02-12,Chennai,CHE-03,Member,Classic,12,Rain,26.7
718,2026-02-12,Chennai,CHE-02,Casual,Classic,19,Rain,26.7
719,2026-02-12,Chennai,CHE-10,Member,Electric,14,Rain,26.7
720,2026-02-12,Chennai,CHE-07,Casual,Electric,23,Rain,26.7
721,2026-02-12,Bengaluru,BEN-09,Member,Classic,23,Cloudy,25.2
722,2026-02-12,Bengaluru,BEN-05,Casual,Electric,31,Cloudy,25.2
723,2026-02-12,Bengaluru,BEN-09,Member,Classic,22,Cloudy,25.2
724,2026-02-12,Bengaluru,BEN-06,Casual,Classic,37,Cloudy,25.2
725,2026-02-12,Bengaluru,BEN-08,Member,Classic,21,Cloudy,25.2
726,2026-02-13,Coimbatore,COI-08,Member,Electric,12,Clear,24.0
727,2026-02-13,Coimbatore,COI-11,Casual,Classic,25,Clear,24.0
728,2026-02-13,Coimbatore,COI-07,Member,Electric,21,Clear,24.0
729,2026-02-13,Coimbatore,COI-05,Member,Electric,15,Clear,24.0
730,2026-02-13,Chennai,CHE-12,Member,Classic,22,Clear,26.1
731,2026-02-13,Chennai,CHE-10,Member,Classic,15,Clear,26.1
732,2026-02-13,Chennai,CHE-07,Member,Classic,23,Clear,26.1
733,2026-02-13,Chennai,CHE-08,Casual,Classic,16,Clear,26.1
734,2026-02-13,Chennai,CHE-05,Member,Classic,16,Clear,26.1
735,2026-02-13,Chennai,CHE-09,Member,Electric,17,Clear,26.1
736,2026-02-13,Bengaluru,BEN-04,Member,Electric,13,Clear,27.3
737,2026-02-13,Bengaluru,BEN-07,Casual,Classic,11,Clear,27.3
738,2026-02-13,Bengaluru,BEN-03,Member,Electric,24,Clear,27.3
739,2026-02-13,Bengaluru,BEN-02,Casual,Classic,47,Clear,27.3
740,2026-02-13,Bengaluru,BEN-09,Member,Classic,13,Clear,27.3
741,2026-02-14,Coimbatore,COI-07,Casual,Classic,22,Rain,26.0
742,2026-02-14,Coimbatore,COI-10,Member,Classic,9,Rain,26.0
743,2026-02-14,Coimbatore,COI-10,Casual,Electric,37,Rain,26.0
744,2026-02-14,Coimbatore,COI-09,Casual,Electric,19,Rain,26.0
745,2026-02-14,Coimbatore,COI-10,Casual,Electric,23,Rain,26.0
746,2026-02-14,Coimbatore,COI-05,Casual,Classic,33,Rain,26.0
747,2026-02-14,Coimbatore,COI-07,Casual,Electric,21,Rain,26.0
748,2026-02-14,Coimbatore,COI-04,Casual,Classic,18,Rain,26.0
749,2026-02-14,Chennai,CHE-05,Casual,Classic,43,Cloudy,30.4
750,2026-02-14,Chennai,CHE-11,Casual,Electric,32,Cloudy,30.4
751,2026-02-14,Chennai,CHE-08,Member,Electric,33,Cloudy,30.4
752,2026-02-14,Chennai,CHE-12,Casual,Classic,60,Cloudy,30.4
753,2026-02-14,Chennai,CHE-07,Casual,Electric,43,Cloudy,30.4
754,2026-02-14,Chennai,CHE-06,Casual,Electric,46,Cloudy,30.4
755,2026-02-14,Bengaluru,BEN-10,Member,Classic,30,Clear,23.8
756,2026-02-14,Bengaluru,BEN-04,Member,Classic,31,Clear,23.8
757,2026-02-14,Bengaluru,BEN-12,Casual,Classic,18,Clear,23.8
758,2026-02-14,Bengaluru,BEN-08,Member,Classic,26,Clear,23.8
759,2026-02-14,Bengaluru,BEN-06,Casual,Electric,42,Clear,23.8
760,2026-02-14,Bengaluru,BEN-08,Casual,Classic,42,Clear,23.8
761,2026-02-14,Bengaluru,BEN-12,Casual,Classic,51,Clear,23.8
762,2026-02-15,Coimbatore,COI-04,Member,Classic,33,Clear,25.3
763,2026-02-15,Coimbatore,COI-07,Casual,Electric,37,Clear,25.3
764,2026-02-15,Coimbatore,COI-11,Casual,Electric,33,Clear,25.3
765,2026-02-15,Coimbatore,COI-01,Member,Electric,18,Clear,25.3
766,2026-02-15,Coimbatore,COI-05,Member,Electric,16,Clear,25.3
767,2026-02-15,Coimbatore,COI-06,Casual,Electric,37,Clear,25.3
768,2026-02-15,Chennai,CHE-07,Casual,Electric,61,Clear,27.8
769,2026-02-15,Chennai,CHE-06,Casual,Classic,66,Clear,27.8
770,2026-02-15,Chennai,CHE-05,Casual,Classic,40,Clear,27.8
771,2026-02-15,Chennai,CHE-11,Member,Classic,38,Clear,27.8
772,2026-02-15,Chennai,CHE-11,Member,Classic,29,Clear,27.8
773,2026-02-15,Chennai,CHE-04,Casual,Electric,38,Clear,27.8
774,2026-02-15,Chennai,CHE-10,Casual,Electric,45,Clear,27.8
775,2026-02-15,Chennai,CHE-08,Casual,Classic,41,Clear,27.8
776,2026-02-15,Chennai,CHE-07,Casual,Classic,42,Clear,27.8
777,2026-02-15,Bengaluru,BEN-04,Casual,Classic,46,Clear,23.2
778,2026-02-15,Bengaluru,BEN-08,Casual,Electric,55,Clear,23.2
779,2026-02-15,Bengaluru,BEN-11,Casual,Electric,21,Clear,23.2
780,2026-02-15,Bengaluru,BEN-02,Casual,Classic,39,Clear,23.2
781,2026-02-15,Bengaluru,BEN-03,Casual,Electric,38,Clear,23.2
782,2026-02-15,Bengaluru,BEN-11,Casual,Electric,27,Clear,23.2
783,2026-02-15,Bengaluru,BEN-06,Member,Classic,22,Clear,23.2
784,2026-02-15,Bengaluru,BEN-08,Casual,Classic,31,Clear,23.2
785,2026-02-15,Bengaluru,BEN-10,Casual,Classic,49,Clear,23.2
786,2026-02-15,Bengaluru,BEN-09,Member,Electric,17,Clear,23.2
787,2026-02-16,Coimbatore,COI-04,Member,Classic,12,Rain,25.4
788,2026-02-16,Coimbatore,COI-08,Member,Electric,10,Rain,25.4
789,2026-02-16,Coimbatore,COI-06,Member,Electric,11,Rain,25.4
790,2026-02-16,Chennai,CHE-03,Member,Classic,20,Clear,25.5
791,2026-02-16,Chennai,CHE-03,Member,Classic,20,Clear,25.5
792,2026-02-16,Chennai,CHE-07,Member,Electric,10,Clear,25.5
793,2026-02-16,Chennai,CHE-12,Member,Classic,24,Clear,25.5
794,2026-02-16,Bengaluru,BEN-01,Casual,Classic,19,Rain,28.5
795,2026-02-16,Bengaluru,BEN-06,Member,Electric,11,Rain,28.5
796,2026-02-16,Bengaluru,BEN-09,Member,Classic,15,Rain,28.5
797,2026-02-16,Bengaluru,BEN-05,Member,Classic,12,Rain,28.5
798,2026-02-16,Bengaluru,BEN-09,Member,Classic,9,Rain,28.5
799,2026-02-16,Bengaluru,BEN-08,Member,Electric,13,Rain,28.5
800,2026-02-17,Coimbatore,COI-01,Casual,Electric,32,Cloudy,24.3
801,2026-02-17,Coimbatore,COI-10,Member,Electric,23,Cloudy,24.3
802,2026-02-17,Coimbatore,COI-12,Member,Classic,23,Cloudy,24.3
803,2026-02-17,Coimbatore,COI-09,Member,Classic,20,Cloudy,24.3
804,2026-02-17,Coimbatore,COI-01,Member,Classic,16,Cloudy,24.3
805,2026-02-17,Chennai,CHE-08,Member,Classic,14,Cloudy,25.4
806,2026-02-17,Chennai,CHE-11,Casual,Classic,39,Cloudy,25.4
807,2026-02-17,Chennai,CHE-05,Member,Classic,15,Cloudy,25.4
808,2026-02-17,Bengaluru,BEN-05,Member,Electric,12,Clear,28.7
809,2026-02-17,Bengaluru,BEN-05,Member,Classic,19,Clear,28.7
810,2026-02-17,Bengaluru,BEN-06,Casual,Electric,37,Clear,28.7
811,2026-02-17,Bengaluru,BEN-04,Casual,Classic,41,Clear,28.7
812,2026-02-17,Bengaluru,BEN-04,Member,Classic,19,Clear,28.7
813,2026-02-18,Coimbatore,COI-09,Member,Classic,7,Clear,23.9
814,2026-02-18,Coimbatore,COI-05,Member,Electric,18,Clear,23.9
815,2026-02-18,Coimbatore,COI-01,Member,Classic,21,Clear,23.9
816,2026-02-18,Chennai,CHE-11,Casual,Classic,31,Cloudy,30.6
817,2026-02-18,Chennai,CHE-01,Member,Electric,24,Cloudy,30.6
818,2026-02-18,Chennai,CHE-11,Member,Classic,22,Cloudy,30.6
819,2026-02-18,Bengaluru,BEN-06,Casual,Classic,31,Clear,28.8
820,2026-02-18,Bengaluru,BEN-08,Member,Classic,14,Clear,28.8
821,2026-02-18,Bengaluru,BEN-11,Member,Classic,23,Clear,28.8
822,2026-02-18,Bengaluru,BEN-03,Casual,Classic,20,Clear,28.8
823,2026-02-18,Bengaluru,BEN-07,Member,Classic,20,Clear,28.8
824,2026-02-19,Coimbatore,COI-06,Member,Classic,17,Cloudy,27.6
825,2026-02-19,Coimbatore,COI-03,Member,Electric,23,Cloudy,27.6
826,2026-02-19,Coimbatore,COI-07,Member,Classic,13,Cloudy,27.6
827,2026-02-19,Coimbatore,COI-11,Member,Classic,18,Cloudy,27.6
828,2026-02-19,Coimbatore,COI-12,Member,Electric,17,Cloudy,27.6
829,2026-02-19,Coimbatore,COI-09,Member,Electric,16,Cloudy,27.6
830,2026-02-19,Chennai,CHE-11,Member,Electric,14,Clear,29.9
831,2026-02-19,Chennai,CHE-01,Member,Electric,6,Clear,29.9
832,2026-02-19,Chennai,CHE-09,Member,Electric,13,Clear,29.9
833,2026-02-19,Bengaluru,BEN-01,Member,Classic,11,Rain,28.7
834,2026-02-19,Bengaluru,BEN-07,Member,Classic,18,Rain,28.7
835,2026-02-19,Bengaluru,BEN-08,Member,Classic,6,Rain,28.7
836,2026-02-19,Bengaluru,BEN-06,Member,Classic,12,Rain,28.7
837,2026-02-19,Bengaluru,BEN-07,Member,Classic,10,Rain,28.7
838,2026-02-19,Bengaluru,BEN-02,Member,Classic,10,Rain,28.7
839,2026-02-19,Bengaluru,BEN-09,Casual,Electric,13,Rain,28.7
840,2026-02-20,Coimbatore,COI-04,Member,Electric,11,Cloudy,26.4
841,2026-02-20,Coimbatore,COI-12,Casual,Classic,33,Cloudy,26.4
842,2026-02-20,Coimbatore,COI-02,Member,Electric,12,Cloudy,26.4
843,2026-02-20,Coimbatore,COI-11,Member,Electric,22,Cloudy,26.4
844,2026-02-20,Chennai,CHE-08,Member,Electric,18,Clear,27.9
845,2026-02-20,Chennai,CHE-10,Member,Electric,18,Clear,27.9
846,2026-02-20,Chennai,CHE-07,Member,Classic,16,Clear,27.9
847,2026-02-20,Chennai,CHE-07,Member,Electric,19,Clear,27.9
848,2026-02-20,Chennai,CHE-11,Member,Electric,22,Clear,27.9
849,2026-02-20,Bengaluru,BEN-09,Member,Electric,22,Cloudy,26.4
850,2026-02-20,Bengaluru,BEN-07,Casual,Classic,39,Cloudy,26.4
851,2026-02-20,Bengaluru,BEN-03,Casual,Classic,14,Cloudy,26.4
852,2026-02-20,Bengaluru,BEN-03,Member,Classic,17,Cloudy,26.4
853,2026-02-21,Coimbatore,COI-12,Casual,Classic,19,Clear,27.4
854,2026-02-21,Coimbatore,COI-06,Casual,Classic,58,Clear,27.4
855,2026-02-21,Coimbatore,COI-12,Casual,Classic,47,Clear,27.4
856,2026-02-21,Coimbatore,COI-12,Casual,Classic,48,Clear,27.4
857,2026-02-21,Coimbatore,COI-04,Casual,Classic,39,Clear,27.4
858,2026-02-21,Coimbatore,COI-05,Member,Electric,15,Clear,27.4
859,2026-02-21,Chennai,CHE-11,Casual,Electric,27,Rain,26.6
860,2026-02-21,Chennai,CHE-06,Member,Classic,17,Rain,26.6
861,2026-02-21,Chennai,CHE-11,Casual,Classic,33,Rain,26.6
862,2026-02-21,Chennai,CHE-05,Casual,Electric,21,Rain,26.6
863,2026-02-21,Chennai,CHE-07,Casual,Classic,27,Rain,26.6
864,2026-02-21,Chennai,CHE-04,Member,Electric,14,Rain,26.6
865,2026-02-21,Chennai,CHE-03,Member,Electric,19,Rain,26.6
866,2026-02-21,Chennai,CHE-05,Casual,Electric,23,Rain,26.6
867,2026-02-21,Bengaluru,BEN-04,Casual,Classic,51,Cloudy,24.0
868,2026-02-21,Bengaluru,BEN-04,Casual,Classic,28,Cloudy,24.0
869,2026-02-21,Bengaluru,BEN-01,Casual,Electric,35,Cloudy,24.0
870,2026-02-21,Bengaluru,BEN-11,Casual,Classic,26,Cloudy,24.0
871,2026-02-21,Bengaluru,BEN-10,Member,Classic,27,Cloudy,24.0
872,2026-02-21,Bengaluru,BEN-08,Casual,Electric,41,Cloudy,24.0
873,2026-02-21,Bengaluru,BEN-10,Casual,Electric,36,Cloudy,24.0
874,2026-02-21,Bengaluru,BEN-12,Casual,Electric,26,Cloudy,24.0
875,2026-02-22,Coimbatore,COI-07,Casual,Classic,46,Clear,25.0
876,2026-02-22,Coimbatore,COI-05,Member,Classic,28,Clear,25.0
877,2026-02-22,Coimbatore,COI-12,Member,Classic,22,Clear,25.0
878,2026-02-22,Coimbatore,COI-06,Casual,Classic,49,Clear,25.0
879,2026-02-22,Coimbatore,COI-05,Casual,Electric,26,Clear,25.0
880,2026-02-22,Coimbatore,COI-06,Casual,Classic,26,Clear,25.0
881,2026-02-22,Coimbatore,COI-09,Member,Electric,9,Clear,25.0
882,2026-02-22,Chennai,CHE-06,Casual,Classic,36,Cloudy,26.9
883,2026-02-22,Chennai,CHE-04,Member,Classic,20,Cloudy,26.9
884,2026-02-22,Chennai,CHE-08,Casual,Electric,48,Cloudy,26.9
885,2026-02-22,Chennai,CHE-11,Casual,Electric,41,Cloudy,26.9
886,2026-02-22,Chennai,CHE-11,Member,Classic,22,Cloudy,26.9
887,2026-02-22,Chennai,CHE-06,Casual,Electric,55,Cloudy,26.9
888,2026-02-22,Bengaluru,BEN-05,Casual,Classic,22,Rain,29.6
889,2026-02-22,Bengaluru,BEN-09,Member,Classic,14,Rain,29.6
890,2026-02-22,Bengaluru,BEN-11,Casual,Classic,17,Rain,29.6
891,2026-02-22,Bengaluru,BEN-09,Member,Classic,15,Rain,29.6
892,2026-02-22,Bengaluru,BEN-04,Casual,Electric,23,Rain,29.6
893,2026-02-22,Bengaluru,BEN-02,Casual,Electric,28,Rain,29.6
894,2026-02-22,Bengaluru,BEN-12,Member,Electric,11,Rain,29.6
895,2026-02-22,Bengaluru,BEN-03,Casual,Electric,33,Rain,29.6
896,2026-02-22,Bengaluru,BEN-01,Member,Electric,11,Rain,29.6
897,2026-02-22,Bengaluru,BEN-10,Member,Classic,15,Rain,29.6
898,2026-02-23,Coimbatore,COI-06,Member,Classic,7,Rain,26.5
899,2026-02-23,Coimbatore,COI-10,Member,Electric,7,Rain,26.5
900,2026-02-23,Coimbatore,COI-01,Member,Electric,10,Rain,26.5
901,2026-02-23,Coimbatore,COI-11,Casual,Classic,21,Rain,26.5
902,2026-02-23,Chennai,CHE-11,Casual,Classic,30,Cloudy,27.8
903,2026-02-23,Chennai,CHE-09,Member,Classic,19,Cloudy,27.8
904,2026-02-23,Chennai,CHE-05,Member,Electric,25,Cloudy,27.8
905,2026-02-23,Chennai,CHE-06,Member,Electric,20,Cloudy,27.8
906,2026-02-23,Chennai,CHE-09,Casual,Classic,20,Cloudy,27.8
907,2026-02-23,Bengaluru,BEN-12,Member,Classic,22,Clear,24.1
908,2026-02-23,Bengaluru,BEN-04,Casual,Electric,30,Clear,24.1
909,2026-02-23,Bengaluru,BEN-04,Member,Electric,15,Clear,24.1
910,2026-02-23,Bengaluru,BEN-02,Member,Classic,18,Clear,24.1
911,2026-02-23,Bengaluru,BEN-09,Member,Electric,23,Clear,24.1
912,2026-02-24,Coimbatore,COI-04,Member,Classic,11,Cloudy,24.6
913,2026-02-24,Coimbatore,COI-11,Casual,Classic,30,Cloudy,24.6
914,2026-02-24,Coimbatore,COI-02,Member,Classic,20,Cloudy,24.6
915,2026-02-24,Coimbatore,COI-05,Casual,Classic,21,Cloudy,24.6
916,2026-02-24,Coimbatore,COI-10,Member,Classic,20,Cloudy,24.6
917,2026-02-24,Coimbatore,COI-04,Member,Classic,18,Cloudy,24.6
918,2026-02-24,Chennai,CHE-11,Member,Classic,18,Cloudy,30.0
919,2026-02-24,Chennai,CHE-05,Casual,Electric,25,Cloudy,30.0
920,2026-02-24,Chennai,CHE-11,Member,Classic,19,Cloudy,30.0
921,2026-02-24,Chennai,CHE-09,Member,Electric,20,Cloudy,30.0
922,2026-02-24,Bengaluru,BEN-01,Member,Classic,16,Clear,29.5
923,2026-02-24,Bengaluru,BEN-10,Casual,Electric,36,Clear,29.5
924,2026-02-24,Bengaluru,BEN-05,Member,Classic,13,Clear,29.5
925,2026-02-24,Bengaluru,BEN-06,Member,Electric,10,Clear,29.5
926,2026-02-24,Bengaluru,BEN-10,Member,Electric,19,Clear,29.5
927,2026-02-25,Coimbatore,COI-10,Member,Classic,21,Clear,27.3
928,2026-02-25,Coimbatore,COI-03,Member,Electric,18,Clear,27.3
929,2026-02-25,Coimbatore,COI-03,Member,Classic,24,Clear,27.3
930,2026-02-25,Coimbatore,COI-06,Casual,Classic,28,Clear,27.3
931,2026-02-25,Coimbatore,COI-04,Member,Electric,18,Clear,27.3
932,2026-02-25,Chennai,CHE-08,Casual,Classic,38,Cloudy,29.4
933,2026-02-25,Chennai,CHE-09,Casual,Classic,30,Cloudy,29.4
934,2026-02-25,Chennai,CHE-12,Member,Classic,16,Cloudy,29.4
935,2026-02-25,Bengaluru,BEN-02,Member,Classic,10,Cloudy,27.8
936,2026-02-25,Bengaluru,BEN-04,Member,Classic,13,Cloudy,27.8
937,2026-02-25,Bengaluru,BEN-08,Member,Classic,22,Cloudy,27.8
938,2026-02-25,Bengaluru,BEN-03,Casual,Classic,25,Cloudy,27.8
939,2026-02-25,Bengaluru,BEN-03,Member,Classic,14,Cloudy,27.8
940,2026-02-25,Bengaluru,BEN-12,Member,Classic,18,Cloudy,27.8
941,2026-02-26,Coimbatore,COI-10,Member,Classic,16,Cloudy,27.0
942,2026-02-26,Coimbatore,COI-01,Member,Electric,13,Cloudy,27.0
943,2026-02-26,Coimbatore,COI-09,Member,Classic,16,Cloudy,27.0
944,2026-02-26,Chennai,CHE-09,Member,Electric,10,Rain,27.3
945,2026-02-26,Chennai,CHE-12,Casual,Classic,18,Rain,27.3
946,2026-02-26,Chennai,CHE-02,Casual,Electric,19,Rain,27.3
947,2026-02-26,Bengaluru,BEN-10,Casual,Classic,37,Clear,30.4
948,2026-02-26,Bengaluru,BEN-11,Casual,Classic,23,Clear,30.4
949,2026-02-26,Bengaluru,BEN-10,Member,Classic,14,Clear,30.4
950,2026-02-26,Bengaluru,BEN-07,Member,Classic,9,Clear,30.4
951,2026-02-26,Bengaluru,BEN-11,Member,Classic,8,Clear,30.4
952,2026-02-27,Coimbatore,COI-10,Member,Electric,17,Cloudy,28.2
953,2026-02-27,Coimbatore,COI-08,Member,Electric,16,Cloudy,28.2
954,2026-02-27,Coimbatore,COI-09,Member,Electric,18,Cloudy,28.2
955,2026-02-27,Coimbatore,COI-09,Casual,Electric,34,Cloudy,28.2
956,2026-02-27,Coimbatore,COI-12,Member,Electric,12,Cloudy,28.2
957,2026-02-27,Coimbatore,COI-07,Member,Classic,21,Cloudy,28.2
958,2026-02-27,Chennai,CHE-02,Casual,Electric,19,Cloudy,31.0
959,2026-02-27,Chennai,CHE-02,Member,Classic,19,Cloudy,31.0
960,2026-02-27,Chennai,CHE-07,Member,Electric,8,Cloudy,31.0
961,2026-02-27,Chennai,CHE-09,Member,Classic,18,Cloudy,31.0
962,2026-02-27,Chennai,CHE-11,Member,Classic,17,Cloudy,31.0
963,2026-02-27,Bengaluru,BEN-09,Member,Classic,16,Cloudy,26.5
964,2026-02-27,Bengaluru,BEN-05,Member,Classic,15,Cloudy,26.5
965,2026-02-27,Bengaluru,BEN-09,Casual,Classic,35,Cloudy,26.5
966,2026-02-27,Bengaluru,BEN-09,Member,Classic,23,Cloudy,26.5
967,2026-02-27,Bengaluru,BEN-07,Member,Electric,11,Cloudy,26.5
968,2026-02-28,Coimbatore,COI-12,Casual,Classic,19,Rain,28.7
969,2026-02-28,Coimbatore,COI-09,Casual,Classic,13,Rain,28.7
970,2026-02-28,Coimbatore,COI-01,Casual,Electric,23,Rain,28.7
971,2026-02-28,Coimbatore,COI-03,Member,Electric,15,Rain,28.7
972,2026-02-28,Coimbatore,COI-02,Casual,Electric,24,Rain,28.7
973,2026-02-28,Coimbatore,COI-07,Member,Classic,14,Rain,28.7
974,2026-02-28,Coimbatore,COI-11,Casual,Classic,25,Rain,28.7
975,2026-02-28,Chennai,CHE-04,Casual,Electric,33,Cloudy,30.3
976,2026-02-28,Chennai,CHE-09,Casual,Electric,32,Cloudy,30.3
977,2026-02-28,Chennai,CHE-04,Member,Classic,17,Cloudy,30.3
978,2026-02-28,Chennai,CHE-06,Casual,Electric,33,Cloudy,30.3
979,2026-02-28,Chennai,CHE-07,Member,Classic,33,Cloudy,30.3
980,2026-02-28,Chennai,CHE-10,Casual,Classic,68,Cloudy,30.3
981,2026-02-28,Chennai,CHE-09,Member,Classic,19,Cloudy,30.3
982,2026-02-28,Chennai,CHE-10,Member,Electric,10,Cloudy,30.3
983,2026-02-28,Bengaluru,BEN-01,Member,Electric,17,Clear,29.6
984,2026-02-28,Bengaluru,BEN-02,Member,Classic,24,Clear,29.6
985,2026-02-28,Bengaluru,BEN-09,Casual,Classic,37,Clear,29.6
986,2026-02-28,Bengaluru,BEN-10,Casual,Electric,44,Clear,29.6
987,2026-02-28,Bengaluru,BEN-04,Member,Classic,18,Clear,29.6
988,2026-02-28,Bengaluru,BEN-08,Casual,Electric,48,Clear,29.6
989,2026-02-28,Bengaluru,BEN-05,Casual,Electric,47,Clear,29.6
990,2026-02-28,Bengaluru,BEN-04,Member,Electric,18,Clear,29.6
991,2026-02-28,Bengaluru,BEN-09,Casual,Classic,30,Clear,29.6
992,2026-03-01,Coimbatore,COI-12,Member,Classic,35,Cloudy,26.4
993,2026-03-01,Coimbatore,COI-06,Casual,Classic,50,Cloudy,26.4
994,2026-03-01,Coimbatore,COI-03,Member,Classic,20,Cloudy,26.4
995,2026-03-01,Coimbatore,COI-04,Casual,Electric,50,Cloudy,26.4
996,2026-03-01,Coimbatore,COI-05,Member,Classic,19,Cloudy,26.4
997,2026-03-01,Coimbatore,COI-03,Member,Classic,23,Cloudy,26.4
998,2026-03-01,Chennai,CHE-01,Casual,Classic,54,Clear,27.3
999,2026-03-01,Chennai,CHE-10,Casual,Classic,51,Clear,27.3
1000,2026-03-01,Chennai,CHE-10,Member,Electric,24,Clear,27.3
1001,2026-03-01,Chennai,CHE-05,Casual,Classic,62,Clear,27.3
1002,2026-03-01,Chennai,CHE-03,Casual,Electric,38,Clear,27.3
1003,2026-03-01,Chennai,CHE-09,Member,Electric,16,Clear,27.3
1004,2026-03-01,Bengaluru,BEN-12,Member,Electric,23,Clear,29.0
1005,2026-03-01,Bengaluru,BEN-07,Casual,Classic,55,Clear,29.0
1006,2026-03-01,Bengaluru,BEN-10,Casual,Classic,41,Clear,29.0
1007,2026-03-01,Bengaluru,BEN-10,Casual,Classic,39,Clear,29.0
1008,2026-03-01,Bengaluru,BEN-07,Member,Classic,27,Clear,29.0
1009,2026-03-01,Bengaluru,BEN-05,Member,Electric,15,Clear,29.0
1010,2026-03-01,Bengaluru,BEN-10,Casual,Classic,54,Clear,29.0
1011,2026-03-01,Bengaluru,BEN-09,Casual,Electric,37,Clear,29.0
1012,2026-03-01,Bengaluru,BEN-03,Casual,Classic,22,Clear,29.0
1013,2026-03-02,Coimbatore,COI-09,Member,Classic,23,Clear,21.1
1014,2026-03-02,Coimbatore,COI-05,Casual,Electric,25,Clear,21.1
1015,2026-03-02,Coimbatore,COI-03,Member,Electric,20,Clear,21.1
1016,2026-03-02,Coimbatore,COI-08,Member,Electric,19,Clear,21.1
1017,2026-03-02,Chennai,CHE-01,Member,Classic,21,Clear,25.0
1018,2026-03-02,Chennai,CHE-11,Member,Classic,17,Clear,25.0
1019,2026-03-02,Chennai,CHE-03,Casual,Classic,22,Clear,25.0
1020,2026-03-02,Bengaluru,BEN-02,Member,Electric,15,Clear,25.0
1021,2026-03-02,Bengaluru,BEN-03,Member,Classic,16,Clear,25.0
1022,2026-03-02,Bengaluru,BEN-07,Member,Electric,16,Clear,25.0
1023,2026-03-02,Bengaluru,BEN-03,Member,Classic,19,Clear,25.0
1024,2026-03-02,Bengaluru,BEN-11,Member,Classic,17,Clear,25.0
1025,2026-03-02,Bengaluru,BEN-08,Member,Classic,16,Clear,25.0
1026,2026-03-03,Coimbatore,COI-01,Member,Classic,15,Cloudy,24.3
1027,2026-03-03,Coimbatore,COI-12,Member,Classic,18,Cloudy,24.3
1028,2026-03-03,Coimbatore,COI-02,Member,Classic,25,Cloudy,24.3
1029,2026-03-03,Coimbatore,COI-07,Member,Electric,17,Cloudy,24.3
1030,2026-03-03,Coimbatore,COI-02,Member,Electric,18,Cloudy,24.3
1031,2026-03-03,Chennai,CHE-08,Casual,Classic,34,Cloudy,23.6
1032,2026-03-03,Chennai,CHE-03,Member,Classic,25,Cloudy,23.6
1033,2026-03-03,Chennai,CHE-08,Member,Electric,21,Cloudy,23.6
1034,2026-03-03,Chennai,CHE-05,Member,Electric,15,Cloudy,23.6
1035,2026-03-03,Chennai,CHE-10,Member,Classic,23,Cloudy,23.6
1036,2026-03-03,Bengaluru,BEN-11,Member,Classic,16,Cloudy,24.9
1037,2026-03-03,Bengaluru,BEN-02,Member,Electric,15,Cloudy,24.9
1038,2026-03-03,Bengaluru,BEN-05,Member,Classic,18,Cloudy,24.9
1039,2026-03-03,Bengaluru,BEN-03,Member,Classic,10,Cloudy,24.9
1040,2026-03-03,Bengaluru,BEN-01,Member,Classic,17,Cloudy,24.9
1041,2026-03-03,Bengaluru,BEN-07,Member,Classic,18,Cloudy,24.9
1042,2026-03-03,Bengaluru,BEN-01,Casual,Classic,25,Cloudy,24.9
1043,2026-03-04,Coimbatore,COI-07,Member,Classic,17,Clear,26.6
1044,2026-03-04,Coimbatore,COI-11,Member,Classic,12,Clear,26.6
1045,2026-03-04,Coimbatore,COI-11,Member,Electric,25,Clear,26.6
1046,2026-03-04,Coimbatore,COI-09,Member,Electric,14,Clear,26.6
1047,2026-03-04,Coimbatore,COI-05,Casual,Classic,35,Clear,26.6
1048,2026-03-04,Chennai,CHE-04,Member,Electric,16,Cloudy,27.0
1049,2026-03-04,Chennai,CHE-02,Member,Classic,19,Cloudy,27.0
1050,2026-03-04,Chennai,CHE-08,Member,Classic,18,Cloudy,27.0
1051,2026-03-04,Bengaluru,BEN-06,Member,Classic,15,Clear,22.2
1052,2026-03-04,Bengaluru,BEN-06,Member,Electric,25,Clear,22.2
1053,2026-03-04,Bengaluru,BEN-07,Member,Electric,20,Clear,22.2
1054,2026-03-04,Bengaluru,BEN-04,Member,Classic,21,Clear,22.2
1055,2026-03-05,Coimbatore,COI-08,Member,Electric,18,Cloudy,26.4
1056,2026-03-05,Coimbatore,COI-04,Member,Electric,26,Cloudy,26.4
1057,2026-03-05,Coimbatore,COI-08,Member,Electric,5,Cloudy,26.4
1058,2026-03-05,Coimbatore,COI-06,Member,Electric,16,Cloudy,26.4
1059,2026-03-05,Coimbatore,COI-02,Member,Electric,18,Cloudy,26.4
1060,2026-03-05,Chennai,CHE-11,Member,Classic,12,Clear,25.2
1061,2026-03-05,Chennai,CHE-03,Member,Classic,15,Clear,25.2
1062,2026-03-05,Chennai,CHE-07,Casual,Classic,27,Clear,25.2
1063,2026-03-05,Chennai,CHE-08,Casual,Classic,46,Clear,25.2
1064,2026-03-05,Chennai,CHE-02,Member,Classic,20,Clear,25.2
1065,2026-03-05,Bengaluru,BEN-01,Member,Electric,24,Clear,21.9
1066,2026-03-05,Bengaluru,BEN-09,Member,Classic,18,Clear,21.9
1067,2026-03-05,Bengaluru,BEN-11,Casual,Classic,34,Clear,21.9
1068,2026-03-05,Bengaluru,BEN-08,Casual,Electric,54,Clear,21.9
1069,2026-03-05,Bengaluru,BEN-05,Casual,Classic,23,Clear,21.9
1070,2026-03-06,Coimbatore,COI-04,Member,Electric,23,Clear,24.2
1071,2026-03-06,Coimbatore,COI-10,Member,Classic,16,Clear,24.2
1072,2026-03-06,Coimbatore,COI-02,Casual,Classic,40,Clear,24.2
1073,2026-03-06,Chennai,CHE-12,Member,Classic,19,Clear,28.4
1074,2026-03-06,Chennai,CHE-06,Member,Classic,13,Clear,28.4
1075,2026-03-06,Chennai,CHE-09,Casual,Classic,30,Clear,28.4
1076,2026-03-06,Chennai,CHE-11,Casual,Classic,20,Clear,28.4
1077,2026-03-06,Bengaluru,BEN-11,Member,Classic,17,Cloudy,22.5
1078,2026-03-06,Bengaluru,BEN-03,Member,Electric,20,Cloudy,22.5
1079,2026-03-06,Bengaluru,BEN-01,Member,Classic,20,Cloudy,22.5
1080,2026-03-06,Bengaluru,BEN-11,Member,Electric,20,Cloudy,22.5
1081,2026-03-06,Bengaluru,BEN-04,Member,Electric,17,Cloudy,22.5
1082,2026-03-06,Bengaluru,BEN-04,Member,Classic,17,Cloudy,22.5
1083,2026-03-06,Bengaluru,BEN-11,Member,Electric,20,Cloudy,22.5
1084,2026-03-07,Coimbatore,COI-12,Casual,Electric,30,Clear,26.1
1085,2026-03-07,Coimbatore,COI-05,Member,Electric,13,Clear,26.1
1086,2026-03-07,Coimbatore,COI-09,Member,Classic,21,Clear,26.1
1087,2026-03-07,Coimbatore,COI-09,Member,Electric,19,Clear,26.1
1088,2026-03-07,Coimbatore,COI-03,Casual,Classic,39,Clear,26.1
1089,2026-03-07,Coimbatore,COI-10,Casual,Classic,40,Clear,26.1
1090,2026-03-07,Chennai,CHE-03,Casual,Classic,23,Cloudy,27.9
1091,2026-03-07,Chennai,CHE-10,Casual,Classic,33,Cloudy,27.9
1092,2026-03-07,Chennai,CHE-06,Casual,Classic,30,Cloudy,27.9
1093,2026-03-07,Chennai,CHE-11,Casual,Electric,46,Cloudy,27.9
1094,2026-03-07,Chennai,CHE-10,Casual,Electric,31,Cloudy,27.9
1095,2026-03-07,Chennai,CHE-12,Member,Classic,17,Cloudy,27.9
1096,2026-03-07,Chennai,CHE-08,Member,Electric,28,Cloudy,27.9
1097,2026-03-07,Chennai,CHE-01,Casual,Classic,48,Cloudy,27.9
1098,2026-03-07,Bengaluru,BEN-06,Member,Classic,14,Rain,23.5
1099,2026-03-07,Bengaluru,BEN-09,Member,Electric,12,Rain,23.5
1100,2026-03-07,Bengaluru,BEN-10,Casual,Classic,20,Rain,23.5
1101,2026-03-07,Bengaluru,BEN-06,Member,Classic,12,Rain,23.5
1102,2026-03-07,Bengaluru,BEN-05,Casual,Classic,27,Rain,23.5
1103,2026-03-07,Bengaluru,BEN-12,Casual,Classic,13,Rain,23.5
1104,2026-03-07,Bengaluru,BEN-08,Member,Classic,18,Rain,23.5
1105,2026-03-07,Bengaluru,BEN-02,Member,Electric,12,Rain,23.5
1106,2026-03-08,Coimbatore,COI-06,Casual,Electric,28,Clear,26.7
1107,2026-03-08,Coimbatore,COI-04,Member,Electric,13,Clear,26.7
1108,2026-03-08,Coimbatore,COI-01,Casual,Electric,50,Clear,26.7
1109,2026-03-08,Coimbatore,COI-06,Casual,Electric,51,Clear,26.7
1110,2026-03-08,Coimbatore,COI-09,Casual,Classic,44,Clear,26.7
1111,2026-03-08,Coimbatore,COI-08,Casual,Classic,24,Clear,26.7
1112,2026-03-08,Coimbatore,COI-02,Casual,Classic,9,Clear,26.7
1113,2026-03-08,Coimbatore,COI-02,Member,Classic,20,Clear,26.7
1114,2026-03-08,Chennai,CHE-09,Casual,Classic,43,Cloudy,24.1
1115,2026-03-08,Chennai,CHE-04,Casual,Electric,41,Cloudy,24.1
1116,2026-03-08,Chennai,CHE-04,Casual,Electric,29,Cloudy,24.1
1117,2026-03-08,Chennai,CHE-05,Casual,Electric,33,Cloudy,24.1
1118,2026-03-08,Chennai,CHE-10,Casual,Classic,39,Cloudy,24.1
1119,2026-03-08,Chennai,CHE-06,Member,Electric,18,Cloudy,24.1
1120,2026-03-08,Chennai,CHE-05,Member,Electric,25,Cloudy,24.1
1121,2026-03-08,Chennai,CHE-10,Member,Classic,27,Cloudy,24.1
1122,2026-03-08,Chennai,CHE-04,Member,Classic,13,Cloudy,24.1
1123,2026-03-08,Bengaluru,BEN-10,Casual,Classic,40,Cloudy,22.7
1124,2026-03-08,Bengaluru,BEN-05,Casual,Electric,33,Cloudy,22.7
1125,2026-03-08,Bengaluru,BEN-01,Member,Electric,27,Cloudy,22.7
1126,2026-03-08,Bengaluru,BEN-04,Member,Electric,26,Cloudy,22.7
1127,2026-03-08,Bengaluru,BEN-12,Member,Classic,22,Cloudy,22.7
1128,2026-03-08,Bengaluru,BEN-11,Casual,Electric,51,Cloudy,22.7
1129,2026-03-08,Bengaluru,BEN-03,Member,Classic,22,Cloudy,22.7
1130,2026-03-08,Bengaluru,BEN-12,Member,Classic,21,Cloudy,22.7
1131,2026-03-09,Coimbatore,COI-11,Member,Classic,17,Clear,25.9
1132,2026-03-09,Coimbatore,COI-05,Member,Classic,27,Clear,25.9
1133,2026-03-09,Coimbatore,COI-12,Casual,Electric,33,Clear,25.9
1134,2026-03-09,Coimbatore,COI-10,Member,Classic,22,Clear,25.9
1135,2026-03-09,Coimbatore,COI-12,Member,Classic,13,Clear,25.9
1136,2026-03-09,Chennai,CHE-12,Member,Classic,18,Clear,29.5
1137,2026-03-09,Chennai,CHE-04,Member,Classic,14,Clear,29.5
1138,2026-03-09,Chennai,CHE-05,Casual,Electric,41,Clear,29.5
1139,2026-03-09,Bengaluru,BEN-05,Casual,Electric,42,Cloudy,27.2
1140,2026-03-09,Bengaluru,BEN-07,Member,Classic,19,Cloudy,27.2
1141,2026-03-09,Bengaluru,BEN-10,Member,Classic,10,Cloudy,27.2
1142,2026-03-09,Bengaluru,BEN-07,Casual,Electric,46,Cloudy,27.2
1143,2026-03-10,Coimbatore,COI-11,Member,Electric,16,Cloudy,24.6
1144,2026-03-10,Coimbatore,COI-04,Member,Classic,19,Cloudy,24.6
1145,2026-03-10,Coimbatore,COI-03,Casual,Classic,29,Cloudy,24.6
1146,2026-03-10,Coimbatore,COI-03,Member,Electric,13,Cloudy,24.6
1147,2026-03-10,Chennai,CHE-12,Casual,Classic,25,Clear,27.4
1148,2026-03-10,Chennai,CHE-07,Member,Classic,26,Clear,27.4
1149,2026-03-10,Chennai,CHE-11,Casual,Classic,32,Clear,27.4
1150,2026-03-10,Chennai,CHE-04,Casual,Classic,17,Clear,27.4
1151,2026-03-10,Bengaluru,BEN-10,Casual,Electric,23,Clear,22.2
1152,2026-03-10,Bengaluru,BEN-06,Member,Electric,14,Clear,22.2
1153,2026-03-10,Bengaluru,BEN-08,Member,Electric,24,Clear,22.2
1154,2026-03-10,Bengaluru,BEN-07,Casual,Classic,44,Clear,22.2
1155,2026-03-11,Coimbatore,COI-07,Member,Classic,28,Clear,23.2
1156,2026-03-11,Coimbatore,COI-04,Member,Electric,16,Clear,23.2
1157,2026-03-11,Coimbatore,COI-10,Casual,Classic,53,Clear,23.2
1158,2026-03-11,Coimbatore,COI-08,Member,Classic,12,Clear,23.2
1159,2026-03-11,Coimbatore,COI-07,Casual,Classic,34,Clear,23.2
1160,2026-03-11,Coimbatore,COI-12,Casual,Classic,21,Clear,23.2
1161,2026-03-11,Chennai,CHE-07,Casual,Classic,42,Clear,26.9
1162,2026-03-11,Chennai,CHE-07,Casual,Classic,32,Clear,26.9
1163,2026-03-11,Chennai,CHE-07,Member,Electric,22,Clear,26.9
1164,2026-03-11,Bengaluru,BEN-01,Member,Classic,19,Cloudy,23.9
1165,2026-03-11,Bengaluru,BEN-02,Member,Electric,12,Cloudy,23.9
1166,2026-03-11,Bengaluru,BEN-10,Casual,Classic,35,Cloudy,23.9
1167,2026-03-11,Bengaluru,BEN-08,Casual,Electric,37,Cloudy,23.9
1168,2026-03-11,Bengaluru,BEN-12,Member,Classic,21,Cloudy,23.9
1169,2026-03-11,Bengaluru,BEN-11,Casual,Electric,38,Cloudy,23.9
1170,2026-03-12,Coimbatore,COI-06,Member,Classic,20,Cloudy,23.1
1171,2026-03-12,Coimbatore,COI-10,Member,Electric,16,Cloudy,23.1
1172,2026-03-12,Coimbatore,COI-07,Casual,Classic,10,Cloudy,23.1
1173,2026-03-12,Coimbatore,COI-03,Member,Classic,13,Cloudy,23.1
1174,2026-03-12,Chennai,CHE-05,Casual,Classic,28,Rain,25.4
1175,2026-03-12,Chennai,CHE-03,Casual,Electric,18,Rain,25.4
1176,2026-03-12,Chennai,CHE-05,Casual,Classic,22,Rain,25.4
1177,2026-03-12,Chennai,CHE-10,Member,Classic,6,Rain,25.4
1178,2026-03-12,Bengaluru,BEN-02,Member,Classic,18,Clear,25.9
1179,2026-03-12,Bengaluru,BEN-11,Member,Classic,21,Clear,25.9
1180,2026-03-12,Bengaluru,BEN-01,Member,Electric,16,Clear,25.9
1181,2026-03-12,Bengaluru,BEN-01,Member,Classic,17,Clear,25.9
1182,2026-03-12,Bengaluru,BEN-05,Member,Electric,20,Clear,25.9
1183,2026-03-12,Bengaluru,BEN-03,Member,Classic,29,Clear,25.9
1184,2026-03-12,Bengaluru,BEN-12,Member,Electric,27,Clear,25.9
1185,2026-03-13,Coimbatore,COI-07,Member,Classic,11,Rain,27.0
1186,2026-03-13,Coimbatore,COI-09,Casual,Electric,15,Rain,27.0
1187,2026-03-13,Coimbatore,COI-06,Member,Classic,15,Rain,27.0
1188,2026-03-13,Coimbatore,COI-12,Member,Classic,15,Rain,27.0
1189,2026-03-13,Chennai,CHE-12,Casual,Electric,41,Cloudy,25.1
1190,2026-03-13,Chennai,CHE-12,Member,Electric,18,Cloudy,25.1
1191,2026-03-13,Chennai,CHE-10,Member,Electric,16,Cloudy,25.1
1192,2026-03-13,Chennai,CHE-10,Member,Classic,23,Cloudy,25.1
1193,2026-03-13,Bengaluru,BEN-04,Member,Classic,13,Clear,26.3
1194,2026-03-13,Bengaluru,BEN-11,Member,Classic,14,Clear,26.3
1195,2026-03-13,Bengaluru,BEN-07,Casual,Electric,35,Clear,26.3
1196,2026-03-13,Bengaluru,BEN-09,Member,Classic,24,Clear,26.3
1197,2026-03-13,Bengaluru,BEN-05,Casual,Classic,24,Clear,26.3
1198,2026-03-13,Bengaluru,BEN-09,Casual,Classic,23,Clear,26.3
1199,2026-03-13,Bengaluru,BEN-07,Member,Electric,21,Clear,26.3
1200,2026-03-14,Coimbatore,COI-08,Casual,Electric,46,Cloudy,23.8
1201,2026-03-14,Coimbatore,COI-11,Casual,Electric,33,Cloudy,23.8
1202,2026-03-14,Coimbatore,COI-06,Casual,Electric,31,Cloudy,23.8
1203,2026-03-14,Coimbatore,COI-09,Casual,Electric,43,Cloudy,23.8
1204,2026-03-14,Coimbatore,COI-06,Member,Electric,22,Cloudy,23.8
1205,2026-03-14,Coimbatore,COI-06,Casual,Classic,32,Cloudy,23.8
1206,2026-03-14,Chennai,CHE-11,Member,Electric,12,Rain,26.3
1207,2026-03-14,Chennai,CHE-02,Casual,Classic,21,Rain,26.3
1208,2026-03-14,Chennai,CHE-12,Casual,Electric,22,Rain,26.3
1209,2026-03-14,Chennai,CHE-04,Casual,Electric,24,Rain,26.3
1210,2026-03-14,Chennai,CHE-05,Casual,Electric,27,Rain,26.3
1211,2026-03-14,Chennai,CHE-04,Member,Classic,18,Rain,26.3
1212,2026-03-14,Bengaluru,BEN-04,Casual,Classic,51,Clear,22.7
1213,2026-03-14,Bengaluru,BEN-06,Member,Classic,26,Clear,22.7
1214,2026-03-14,Bengaluru,BEN-09,Member,Electric,19,Clear,22.7
1215,2026-03-14,Bengaluru,BEN-12,Casual,Classic,38,Clear,22.7
1216,2026-03-14,Bengaluru,BEN-05,Casual,Classic,29,Clear,22.7
1217,2026-03-14,Bengaluru,BEN-08,Casual,Electric,36,Clear,22.7
1218,2026-03-14,Bengaluru,BEN-11,Casual,Classic,38,Clear,22.7
1219,2026-03-15,Coimbatore,COI-09,Casual,Classic,43,Clear,27.3
1220,2026-03-15,Coimbatore,COI-02,Member,Classic,27,Clear,27.3
1221,2026-03-15,Coimbatore,COI-09,Member,Classic,33,Clear,27.3
1222,2026-03-15,Coimbatore,COI-06,Casual,Classic,57,Clear,27.3
1223,2026-03-15,Coimbatore,COI-10,Casual,Classic,57,Clear,27.3
1224,2026-03-15,Coimbatore,COI-10,Member,Classic,19,Clear,27.3
1225,2026-03-15,Coimbatore,COI-11,Casual,Classic,42,Clear,27.3
1226,2026-03-15,Coimbatore,COI-02,Member,Classic,23,Clear,27.3
1227,2026-03-15,Chennai,CHE-06,Casual,Electric,36,Clear,29.0
1228,2026-03-15,Chennai,CHE-12,Member,Electric,17,Clear,29.0
1229,2026-03-15,Chennai,CHE-08,Casual,Electric,60,Clear,29.0
1230,2026-03-15,Chennai,CHE-12,Casual,Classic,51,Clear,29.0
1231,2026-03-15,Chennai,CHE-08,Casual,Classic,34,Clear,29.0
1232,2026-03-15,Chennai,CHE-03,Casual,Electric,26,Clear,29.0
1233,2026-03-15,Chennai,CHE-12,Casual,Electric,49,Clear,29.0
1234,2026-03-15,Chennai,CHE-06,Casual,Classic,35,Clear,29.0
1235,2026-03-15,Chennai,CHE-08,Casual,Classic,31,Clear,29.0
1236,2026-03-15,Bengaluru,BEN-07,Casual,Classic,41,Clear,24.8
1237,2026-03-15,Bengaluru,BEN-05,Casual,Electric,33,Clear,24.8
1238,2026-03-15,Bengaluru,BEN-07,Casual,Classic,53,Clear,24.8
1239,2026-03-15,Bengaluru,BEN-02,Member,Classic,26,Clear,24.8
1240,2026-03-15,Bengaluru,BEN-10,Member,Electric,28,Clear,24.8
1241,2026-03-15,Bengaluru,BEN-12,Casual,Electric,32,Clear,24.8
1242,2026-03-15,Bengaluru,BEN-02,Member,Electric,20,Clear,24.8
1243,2026-03-15,Bengaluru,BEN-10,Casual,Electric,43,Clear,24.8
1244,2026-03-16,Coimbatore,COI-07,Member,Classic,16,Clear,23.5
1245,2026-03-16,Coimbatore,COI-07,Member,Classic,21,Clear,23.5
1246,2026-03-16,Coimbatore,COI-01,Member,Electric,11,Clear,23.5
1247,2026-03-16,Coimbatore,COI-11,Member,Electric,25,Clear,23.5
1248,2026-03-16,Coimbatore,COI-11,Casual,Electric,21,Clear,23.5
1249,2026-03-16,Coimbatore,COI-04,Member,Classic,13,Clear,23.5
1250,2026-03-16,Chennai,CHE-05,Member,Electric,22,Cloudy,26.8
1251,2026-03-16,Chennai,CHE-02,Casual,Electric,28,Cloudy,26.8
1252,2026-03-16,Chennai,CHE-09,Member,Electric,8,Cloudy,26.8
1253,2026-03-16,Chennai,CHE-09,Member,Classic,17,Cloudy,26.8
1254,2026-03-16,Bengaluru,BEN-05,Casual,Classic,39,Clear,26.2
1255,2026-03-16,Bengaluru,BEN-06,Casual,Classic,30,Clear,26.2
1256,2026-03-16,Bengaluru,BEN-07,Casual,Classic,24,Clear,26.2
1257,2026-03-16,Bengaluru,BEN-07,Member,Electric,15,Clear,26.2
1258,2026-03-17,Coimbatore,COI-03,Casual,Electric,33,Cloudy,23.9
1259,2026-03-17,Coimbatore,COI-11,Member,Electric,24,Cloudy,23.9
1260,2026-03-17,Coimbatore,COI-02,Member,Electric,25,Cloudy,23.9
1261,2026-03-17,Coimbatore,COI-12,Member,Electric,24,Cloudy,23.9
1262,2026-03-17,Coimbatore,COI-03,Member,Classic,11,Cloudy,23.9
1263,2026-03-17,Chennai,CHE-10,Member,Classic,20,Clear,28.3
1264,2026-03-17,Chennai,CHE-12,Member,Electric,24,Clear,28.3
1265,2026-03-17,Chennai,CHE-01,Member,Classic,14,Clear,28.3
1266,2026-03-17,Chennai,CHE-02,Member,Electric,17,Clear,28.3
1267,2026-03-17,Chennai,CHE-09,Member,Electric,24,Clear,28.3
1268,2026-03-17,Chennai,CHE-05,Casual,Electric,38,Clear,28.3
1269,2026-03-17,Bengaluru,BEN-11,Member,Classic,13,Clear,26.1
1270,2026-03-17,Bengaluru,BEN-10,Member,Electric,13,Clear,26.1
1271,2026-03-17,Bengaluru,BEN-08,Member,Classic,14,Clear,26.1
1272,2026-03-17,Bengaluru,BEN-10,Member,Electric,25,Clear,26.1
1273,2026-03-17,Bengaluru,BEN-05,Casual,Classic,46,Clear,26.1
1274,2026-03-17,Bengaluru,BEN-10,Member,Electric,16,Clear,26.1
1275,2026-03-17,Bengaluru,BEN-08,Casual,Electric,29,Clear,26.1
1276,2026-03-18,Coimbatore,COI-01,Member,Electric,17,Cloudy,27.1
1277,2026-03-18,Coimbatore,COI-05,Member,Classic,9,Cloudy,27.1
1278,2026-03-18,Coimbatore,COI-05,Member,Electric,18,Cloudy,27.1
1279,2026-03-18,Coimbatore,COI-10,Casual,Classic,36,Cloudy,27.1
1280,2026-03-18,Chennai,CHE-04,Member,Electric,20,Cloudy,27.4
1281,2026-03-18,Chennai,CHE-02,Member,Electric,21,Cloudy,27.4
1282,2026-03-18,Chennai,CHE-03,Casual,Classic,26,Cloudy,27.4
1283,2026-03-18,Chennai,CHE-11,Casual,Electric,25,Cloudy,27.4
1284,2026-03-18,Bengaluru,BEN-01,Member,Electric,20,Cloudy,24.1
1285,2026-03-18,Bengaluru,BEN-07,Member,Electric,20,Cloudy,24.1
1286,2026-03-18,Bengaluru,BEN-09,Member,Classic,20,Cloudy,24.1
1287,2026-03-18,Bengaluru,BEN-09,Member,Electric,15,Cloudy,24.1
1288,2026-03-18,Bengaluru,BEN-08,Casual,Classic,36,Cloudy,24.1
1289,2026-03-18,Bengaluru,BEN-02,Member,Classic,7,Cloudy,24.1
1290,2026-03-18,Bengaluru,BEN-07,Casual,Electric,28,Cloudy,24.1
1291,2026-03-19,Coimbatore,COI-12,Member,Electric,12,Clear,24.9
1292,2026-03-19,Coimbatore,COI-04,Member,Electric,23,Clear,24.9
1293,2026-03-19,Coimbatore,COI-01,Member,Electric,22,Clear,24.9
1294,2026-03-19,Coimbatore,COI-01,Member,Electric,18,Clear,24.9
1295,2026-03-19,Coimbatore,COI-12,Member,Classic,16,Clear,24.9
1296,2026-03-19,Chennai,CHE-10,Member,Classic,14,Clear,25.5
1297,2026-03-19,Chennai,CHE-12,Member,Electric,24,Clear,25.5
1298,2026-03-19,Chennai,CHE-10,Casual,Classic,29,Clear,25.5
1299,2026-03-19,Chennai,CHE-03,Member,Electric,23,Clear,25.5
1300,2026-03-19,Chennai,CHE-05,Casual,Electric,26,Clear,25.5
1301,2026-03-19,Bengaluru,BEN-11,Member,Electric,17,Clear,28.9
1302,2026-03-19,Bengaluru,BEN-03,Casual,Classic,40,Clear,28.9
1303,2026-03-19,Bengaluru,BEN-01,Casual,Classic,39,Clear,28.9
1304,2026-03-19,Bengaluru,BEN-03,Member,Electric,20,Clear,28.9
1305,2026-03-19,Bengaluru,BEN-03,Member,Classic,24,Clear,28.9
1306,2026-03-19,Bengaluru,BEN-09,Member,Classic,15,Clear,28.9
1307,2026-03-20,Coimbatore,COI-10,Casual,Electric,34,Clear,27.3
1308,2026-03-20,Coimbatore,COI-01,Casual,Electric,34,Clear,27.3
1309,2026-03-20,Coimbatore,COI-11,Casual,Classic,20,Clear,27.3
1310,2026-03-20,Coimbatore,COI-06,Member,Classic,10,Clear,27.3
1311,2026-03-20,Coimbatore,COI-08,Casual,Classic,13,Clear,27.3
1312,2026-03-20,Coimbatore,COI-12,Member,Classic,17,Clear,27.3
1313,2026-03-20,Chennai,CHE-06,Casual,Electric,22,Clear,25.4
1314,2026-03-20,Chennai,CHE-01,Member,Classic,19,Clear,25.4
1315,2026-03-20,Chennai,CHE-06,Member,Electric,23,Clear,25.4
1316,2026-03-20,Bengaluru,BEN-09,Member,Classic,21,Cloudy,28.0
1317,2026-03-20,Bengaluru,BEN-02,Member,Classic,21,Cloudy,28.0
1318,2026-03-20,Bengaluru,BEN-02,Member,Classic,24,Cloudy,28.0
1319,2026-03-20,Bengaluru,BEN-01,Casual,Classic,33,Cloudy,28.0
1320,2026-03-21,Coimbatore,COI-09,Casual,Classic,43,Clear,23.9
1321,2026-03-21,Coimbatore,COI-06,Casual,Electric,42,Clear,23.9
1322,2026-03-21,Coimbatore,COI-01,Member,Electric,22,Clear,23.9
1323,2026-03-21,Coimbatore,COI-11,Casual,Classic,33,Clear,23.9
1324,2026-03-21,Coimbatore,COI-12,Casual,Classic,30,Clear,23.9
1325,2026-03-21,Coimbatore,COI-11,Casual,Electric,45,Clear,23.9
1326,2026-03-21,Coimbatore,COI-10,Member,Electric,23,Clear,23.9
1327,2026-03-21,Chennai,CHE-02,Member,Electric,31,Clear,29.4
1328,2026-03-21,Chennai,CHE-10,Casual,Classic,30,Clear,29.4
1329,2026-03-21,Chennai,CHE-10,Member,Electric,28,Clear,29.4
1330,2026-03-21,Chennai,CHE-07,Member,Electric,27,Clear,29.4
1331,2026-03-21,Chennai,CHE-02,Member,Electric,22,Clear,29.4
1332,2026-03-21,Chennai,CHE-03,Casual,Classic,30,Clear,29.4
1333,2026-03-21,Bengaluru,BEN-03,Casual,Classic,37,Cloudy,28.3
1334,2026-03-21,Bengaluru,BEN-06,Casual,Classic,44,Cloudy,28.3
1335,2026-03-21,Bengaluru,BEN-02,Casual,Classic,43,Cloudy,28.3
1336,2026-03-21,Bengaluru,BEN-07,Casual,Electric,39,Cloudy,28.3
1337,2026-03-21,Bengaluru,BEN-03,Casual,Classic,39,Cloudy,28.3
1338,2026-03-21,Bengaluru,BEN-10,Casual,Electric,40,Cloudy,28.3
1339,2026-03-21,Bengaluru,BEN-12,Casual,Classic,46,Cloudy,28.3
1340,2026-03-21,Bengaluru,BEN-05,Member,Classic,13,Cloudy,28.3
1341,2026-03-21,Bengaluru,BEN-01,Casual,Classic,53,Cloudy,28.3
1342,2026-03-22,Coimbatore,COI-05,Member,Electric,20,Cloudy,27.3
1343,2026-03-22,Coimbatore,COI-09,Member,Classic,23,Cloudy,27.3
1344,2026-03-22,Coimbatore,COI-09,Casual,Electric,45,Cloudy,27.3
1345,2026-03-22,Coimbatore,COI-01,Casual,Classic,35,Cloudy,27.3
1346,2026-03-22,Coimbatore,COI-11,Member,Electric,20,Cloudy,27.3
1347,2026-03-22,Coimbatore,COI-01,Casual,Electric,34,Cloudy,27.3
1348,2026-03-22,Coimbatore,COI-04,Member,Classic,23,Cloudy,27.3
1349,2026-03-22,Chennai,CHE-09,Casual,Classic,43,Clear,29.4
1350,2026-03-22,Chennai,CHE-08,Member,Electric,24,Clear,29.4
1351,2026-03-22,Chennai,CHE-10,Casual,Classic,41,Clear,29.4
1352,2026-03-22,Chennai,CHE-11,Member,Classic,29,Clear,29.4
1353,2026-03-22,Chennai,CHE-04,Casual,Classic,46,Clear,29.4
1354,2026-03-22,Chennai,CHE-07,Casual,Electric,45,Clear,29.4
1355,2026-03-22,Chennai,CHE-07,Casual,Classic,37,Clear,29.4
1356,2026-03-22,Chennai,CHE-08,Member,Electric,22,Clear,29.4
1357,2026-03-22,Chennai,CHE-06,Member,Classic,19,Clear,29.4
1358,2026-03-22,Bengaluru,BEN-03,Casual,Classic,42,Clear,24.4
1359,2026-03-22,Bengaluru,BEN-04,Member,Classic,14,Clear,24.4
1360,2026-03-22,Bengaluru,BEN-11,Casual,Electric,48,Clear,24.4
1361,2026-03-22,Bengaluru,BEN-04,Casual,Electric,29,Clear,24.4
1362,2026-03-22,Bengaluru,BEN-08,Member,Electric,19,Clear,24.4
1363,2026-03-22,Bengaluru,BEN-01,Casual,Classic,29,Clear,24.4
1364,2026-03-22,Bengaluru,BEN-04,Casual,Electric,42,Clear,24.4
1365,2026-03-22,Bengaluru,BEN-03,Member,Classic,25,Clear,24.4
1366,2026-03-22,Bengaluru,BEN-07,Casual,Electric,63,Clear,24.4
1367,2026-03-23,Coimbatore,COI-12,Casual,Classic,23,Clear,26.6
1368,2026-03-23,Coimbatore,COI-04,Casual,Classic,30,Clear,26.6
1369,2026-03-23,Coimbatore,COI-04,Member,Electric,16,Clear,26.6
1370,2026-03-23,Chennai,CHE-11,Casual,Classic,24,Clear,27.2
1371,2026-03-23,Chennai,CHE-01,Member,Electric,23,Clear,27.2
1372,2026-03-23,Chennai,CHE-03,Casual,Classic,22,Clear,27.2
1373,2026-03-23,Chennai,CHE-08,Casual,Classic,34,Clear,27.2
1374,2026-03-23,Bengaluru,BEN-01,Casual,Classic,15,Rain,24.2
1375,2026-03-23,Bengaluru,BEN-10,Member,Electric,10,Rain,24.2
1376,2026-03-23,Bengaluru,BEN-02,Casual,Electric,13,Rain,24.2
1377,2026-03-23,Bengaluru,BEN-11,Member,Classic,14,Rain,24.2
1378,2026-03-24,Coimbatore,COI-06,Member,Electric,9,Rain,24.6
1379,2026-03-24,Coimbatore,COI-04,Member,Electric,10,Rain,24.6
1380,2026-03-24,Coimbatore,COI-09,Member,Classic,7,Rain,24.6
1381,2026-03-24,Coimbatore,COI-12,Member,Classic,14,Rain,24.6
1382,2026-03-24,Coimbatore,COI-04,Member,Electric,9,Rain,24.6
1383,2026-03-24,Chennai,CHE-08,Member,Classic,22,Clear,27.5
1384,2026-03-24,Chennai,CHE-08,Member,Electric,20,Clear,27.5
1385,2026-03-24,Chennai,CHE-10,Casual,Electric,25,Clear,27.5
1386,2026-03-24,Chennai,CHE-12,Member,Electric,17,Clear,27.5
1387,2026-03-24,Chennai,CHE-08,Casual,Electric,47,Clear,27.5
1388,2026-03-24,Bengaluru,BEN-02,Member,Electric,22,Clear,29.3
1389,2026-03-24,Bengaluru,BEN-04,Member,Classic,20,Clear,29.3
1390,2026-03-24,Bengaluru,BEN-05,Member,Electric,20,Clear,29.3
1391,2026-03-24,Bengaluru,BEN-07,Member,Electric,23,Clear,29.3
1392,2026-03-25,Coimbatore,COI-04,Member,Classic,16,Cloudy,24.2
1393,2026-03-25,Coimbatore,COI-11,Casual,Classic,27,Cloudy,24.2
1394,2026-03-25,Coimbatore,COI-10,Member,Classic,23,Cloudy,24.2
1395,2026-03-25,Coimbatore,COI-10,Member,Classic,13,Cloudy,24.2
1396,2026-03-25,Coimbatore,COI-03,Member,Electric,17,Cloudy,24.2
1397,2026-03-25,Coimbatore,COI-01,Casual,Classic,27,Cloudy,24.2
1398,2026-03-25,Chennai,CHE-12,Member,Electric,21,Clear,28.8
1399,2026-03-25,Chennai,CHE-11,Member,Classic,21,Clear,28.8
1400,2026-03-25,Chennai,CHE-02,Casual,Classic,43,Clear,28.8
1401,2026-03-25,Chennai,CHE-03,Member,Classic,20,Clear,28.8
1402,2026-03-25,Bengaluru,BEN-06,Member,Classic,20,Cloudy,24.3
1403,2026-03-25,Bengaluru,BEN-01,Member,Electric,16,Cloudy,24.3
1404,2026-03-25,Bengaluru,BEN-03,Member,Classic,18,Cloudy,24.3
1405,2026-03-25,Bengaluru,BEN-09,Casual,Electric,44,Cloudy,24.3
1406,2026-03-25,Bengaluru,BEN-12,Casual,Classic,50,Cloudy,24.3
1407,2026-03-26,Coimbatore,COI-10,Casual,Electric,28,Clear,25.9
1408,2026-03-26,Coimbatore,COI-06,Casual,Electric,30,Clear,25.9
1409,2026-03-26,Coimbatore,COI-09,Member,Electric,20,Clear,25.9
1410,2026-03-26,Coimbatore,COI-10,Member,Classic,17,Clear,25.9
1411,2026-03-26,Coimbatore,COI-11,Casual,Classic,34,Clear,25.9
1412,2026-03-26,Chennai,CHE-01,Casual,Classic,33,Cloudy,27.5
1413,2026-03-26,Chennai,CHE-09,Member,Electric,13,Cloudy,27.5
1414,2026-03-26,Chennai,CHE-10,Member,Classic,8,Cloudy,27.5
1415,2026-03-26,Chennai,CHE-03,Member,Electric,22,Cloudy,27.5
1416,2026-03-26,Bengaluru,BEN-08,Member,Classic,16,Clear,26.4
1417,2026-03-26,Bengaluru,BEN-07,Casual,Classic,31,Clear,26.4
1418,2026-03-26,Bengaluru,BEN-12,Casual,Classic,23,Clear,26.4
1419,2026-03-26,Bengaluru,BEN-10,Casual,Classic,35,Clear,26.4
1420,2026-03-26,Bengaluru,BEN-05,Member,Classic,17,Clear,26.4
1421,2026-03-26,Bengaluru,BEN-10,Member,Electric,20,Clear,26.4
1422,2026-03-26,Bengaluru,BEN-07,Casual,Classic,32,Clear,26.4
1423,2026-03-27,Coimbatore,COI-07,Casual,Electric,35,Clear,27.7
1424,2026-03-27,Coimbatore,COI-05,Member,Classic,20,Clear,27.7
1425,2026-03-27,Coimbatore,COI-01,Casual,Classic,24,Clear,27.7
1426,2026-03-27,Coimbatore,COI-05,Casual,Classic,29,Clear,27.7
1427,2026-03-27,Coimbatore,COI-05,Casual,Electric,21,Clear,27.7
1428,2026-03-27,Chennai,CHE-05,Member,Classic,19,Clear,31.8
1429,2026-03-27,Chennai,CHE-08,Member,Electric,15,Clear,31.8
1430,2026-03-27,Chennai,CHE-11,Member,Electric,16,Clear,31.8
1431,2026-03-27,Chennai,CHE-12,Member,Electric,20,Clear,31.8
1432,2026-03-27,Chennai,CHE-03,Member,Electric,14,Clear,31.8
1433,2026-03-27,Chennai,CHE-06,Member,Classic,11,Clear,31.8
1434,2026-03-27,Bengaluru,BEN-01,Member,Electric,20,Clear,26.5
1435,2026-03-27,Bengaluru,BEN-11,Member,Classic,23,Clear,26.5
1436,2026-03-27,Bengaluru,BEN-03,Member,Classic,16,Clear,26.5
1437,2026-03-27,Bengaluru,BEN-05,Member,Electric,21,Clear,26.5
1438,2026-03-27,Bengaluru,BEN-06,Member,Electric,12,Clear,26.5
1439,2026-03-28,Coimbatore,COI-07,Member,Classic,21,Clear,26.6
1440,2026-03-28,Coimbatore,COI-02,Member,Electric,32,Clear,26.6
1441,2026-03-28,Coimbatore,COI-09,Member,Classic,27,Clear,26.6
1442,2026-03-28,Coimbatore,COI-09,Casual,Electric,24,Clear,26.6
1443,2026-03-28,Coimbatore,COI-07,Casual,Electric,35,Clear,26.6
1444,2026-03-28,Coimbatore,COI-03,Casual,Classic,23,Clear,26.6
1445,2026-03-28,Chennai,CHE-06,Casual,Electric,50,Clear,28.3
1446,2026-03-28,Chennai,CHE-12,Member,Classic,18,Clear,28.3
1447,2026-03-28,Chennai,CHE-04,Casual,Classic,43,Clear,28.3
1448,2026-03-28,Chennai,CHE-02,Member,Classic,20,Clear,28.3
1449,2026-03-28,Chennai,CHE-08,Casual,Electric,41,Clear,28.3
1450,2026-03-28,Chennai,CHE-02,Casual,Classic,41,Clear,28.3
1451,2026-03-28,Bengaluru,BEN-11,Member,Classic,22,Cloudy,27.5
1452,2026-03-28,Bengaluru,BEN-02,Member,Classic,25,Cloudy,27.5
1453,2026-03-28,Bengaluru,BEN-06,Casual,Classic,45,Cloudy,27.5
1454,2026-03-28,Bengaluru,BEN-12,Member,Classic,20,Cloudy,27.5
1455,2026-03-28,Bengaluru,BEN-09,Casual,Electric,37,Cloudy,27.5
1456,2026-03-28,Bengaluru,BEN-09,Casual,Electric,45,Cloudy,27.5
1457,2026-03-28,Bengaluru,BEN-04,Casual,Classic,39,Cloudy,27.5
1458,2026-03-29,Coimbatore,COI-12,Casual,Classic,24,Rain,25.6
1459,2026-03-29,Coimbatore,COI-06,Member,Classic,8,Rain,25.6
1460,2026-03-29,Coimbatore,COI-11,Casual,Classic,24,Rain,25.6
1461,2026-03-29,Coimbatore,COI-04,Casual,Classic,20,Rain,25.6
1462,2026-03-29,Coimbatore,COI-06,Casual,Classic,29,Rain,25.6
1463,2026-03-29,Coimbatore,COI-12,Member,Classic,17,Rain,25.6
1464,2026-03-29,Coimbatore,COI-02,Member,Electric,18,Rain,25.6
1465,2026-03-29,Chennai,CHE-04,Casual,Electric,33,Clear,28.9
1466,2026-03-29,Chennai,CHE-07,Casual,Classic,22,Clear,28.9
1467,2026-03-29,Chennai,CHE-11,Member,Classic,26,Clear,28.9
1468,2026-03-29,Chennai,CHE-11,Casual,Classic,30,Clear,28.9
1469,2026-03-29,Chennai,CHE-02,Casual,Classic,26,Clear,28.9
1470,2026-03-29,Chennai,CHE-12,Member,Classic,26,Clear,28.9
1471,2026-03-29,Chennai,CHE-02,Casual,Classic,65,Clear,28.9
1472,2026-03-29,Chennai,CHE-04,Casual,Classic,28,Clear,28.9
1473,2026-03-29,Bengaluru,BEN-05,Casual,Classic,37,Clear,29.6
1474,2026-03-29,Bengaluru,BEN-07,Casual,Electric,27,Clear,29.6
1475,2026-03-29,Bengaluru,BEN-09,Casual,Electric,68,Clear,29.6
1476,2026-03-29,Bengaluru,BEN-02,Member,Electric,17,Clear,29.6
1477,2026-03-29,Bengaluru,BEN-01,Member,Classic,24,Clear,29.6
1478,2026-03-29,Bengaluru,BEN-02,Member,Classic,36,Clear,29.6
1479,2026-03-29,Bengaluru,BEN-06,Casual,Classic,46,Clear,29.6
1480,2026-03-29,Bengaluru,BEN-02,Member,Electric,29,Clear,29.6
1481,2026-03-29,Bengaluru,BEN-08,Casual,Electric,28,Clear,29.6
1482,2026-03-29,Bengaluru,BEN-08,Member,Electric,22,Clear,29.6
1483,2026-03-30,Coimbatore,COI-02,Member,Classic,19,Clear,29.6
1484,2026-03-30,Coimbatore,COI-07,Member,Classic,4,Clear,29.6
1485,2026-03-30,Coimbatore,COI-05,Member,Classic,21,Clear,29.6
1486,2026-03-30,Coimbatore,COI-07,Casual,Classic,43,Clear,29.6
1487,2026-03-30,Coimbatore,COI-11,Member,Electric,16,Clear,29.6
1488,2026-03-30,Chennai,CHE-03,Member,Classic,18,Cloudy,30.8
1489,2026-03-30,Chennai,CHE-10,Member,Classic,6,Cloudy,30.8
1490,2026-03-30,Chennai,CHE-05,Member,Electric,18,Cloudy,30.8
1491,2026-03-30,Chennai,CHE-06,Member,Classic,26,Cloudy,30.8
1492,2026-03-30,Chennai,CHE-11,Casual,Classic,36,Cloudy,30.8
1493,2026-03-30,Chennai,CHE-06,Member,Classic,16,Cloudy,30.8
1494,2026-03-30,Bengaluru,BEN-12,Member,Classic,21,Cloudy,26.2
1495,2026-03-30,Bengaluru,BEN-06,Member,Classic,18,Cloudy,26.2
1496,2026-03-30,Bengaluru,BEN-07,Member,Electric,19,Cloudy,26.2
1497,2026-03-30,Bengaluru,BEN-10,Member,Electric,17,Cloudy,26.2
1498,2026-03-31,Coimbatore,COI-08,Member,Classic,15,Rain,27.1
1499,2026-03-31,Coimbatore,COI-11,Member,Electric,9,Rain,27.1
1500,2026-03-31,Coimbatore,COI-06,Member,Electric,14,Rain,27.1
1501,2026-03-31,Chennai,CHE-05,Casual,Classic,35,Clear,30.7
1502,2026-03-31,Chennai,CHE-07,Member,Electric,15,Clear,30.7
1503,2026-03-31,Chennai,CHE-10,Casual,Electric,44,Clear,30.7
1504,2026-03-31,Chennai,CHE-02,Member,Classic,16,Clear,30.7
1505,2026-03-31,Chennai,CHE-02,Member,Classic,14,Clear,30.7
1506,2026-03-31,Chennai,CHE-05,Member,Classic,20,Clear,30.7
1507,2026-03-31,Bengaluru,BEN-09,Member,Classic,11,Cloudy,26.7
1508,2026-03-31,Bengaluru,BEN-12,Member,Classic,17,Cloudy,26.7
1509,2026-03-31,Bengaluru,BEN-12,Member,Classic,11,Cloudy,26.7
1510,2026-03-31,Bengaluru,BEN-11,Casual,Classic,32,Cloudy,26.7
1511,2026-03-31,Bengaluru,BEN-10,Member,Electric,19,Cloudy,26.7
1512,2026-03-31,Bengaluru,BEN-04,Casual,Classic,24,Cloudy,26.7
1513,2026-03-31,Bengaluru,BEN-05,Member,Classic,22,Cloudy,26.7
